Data,Mortes,DeltaT,Cidade
2020-04-16,1,0,Campina Grande
2020-04-17,1,1,Campina Grande
2020-04-18,1,2,Campina Grande
2020-04-19,2,3,Campina Grande
2020-04-20,2,4,Campina Grande
2020-04-21,2,5,Campina Grande
2020-04-22,2,6,Campina Grande
2020-04-23,2,7,Campina Grande
2020-04-24,2,8,Campina Grande
2020-04-25,2,9,Campina Grande
2020-04-26,2,10,Campina Grande
2020-04-27,2,11,Campina Grande
2020-04-28,2,12,Campina Grande
2020-04-29,2,13,Campina Grande
2020-04-30,2,14,Campina Grande
2020-05-01,2,15,Campina Grande
2020-05-02,2,16,Campina Grande
2020-05-03,2,17,Campina Grande
2020-05-04,2,18,Campina Grande
2020-05-05,2,19,Campina Grande
2020-05-06,2,20,Campina Grande
2020-05-07,2,21,Campina Grande
2020-05-08,2,22,Campina Grande
2020-05-09,3,23,Campina Grande
2020-05-10,3,24,Campina Grande
2020-05-11,3,25,Campina Grande
2020-05-12,4,26,Campina Grande
2020-05-13,4,27,Campina Grande
2020-05-14,4,28,Campina Grande
2020-05-15,4,29,Campina Grande
2020-05-16,5,30,Campina Grande
2020-05-17,5,31,Campina Grande
2020-05-18,7,32,Campina Grande
2020-05-19,7,33,Campina Grande
2020-05-20,7,34,Campina Grande
2020-05-21,9,35,Campina Grande
2020-05-22,10,36,Campina Grande
2020-05-23,10,37,Campina Grande
2020-05-24,10,38,Campina Grande
2020-05-25,11,39,Campina Grande
2020-05-26,11,40,Campina Grande
2020-05-27,11,41,Campina Grande
2020-05-28,15,42,Campina Grande
2020-05-29,15,43,Campina Grande
2020-05-30,15,44,Campina Grande
2020-05-31,20,45,Campina Grande
2020-06-01,24,46,Campina Grande
2020-06-02,24,47,Campina Grande
2020-06-03,28,48,Campina Grande
2020-06-04,40,49,Campina Grande
2020-06-05,40,50,Campina Grande
2020-06-06,41,51,Campina Grande
2020-06-07,44,52,Campina Grande
2020-06-08,44,53,Campina Grande
2020-06-09,45,54,Campina Grande
2020-06-10,47,55,Campina Grande
2020-06-11,47,56,Campina Grande
2020-06-12,50,57,Campina Grande
2020-06-13,53,58,Campina Grande
2020-06-14,54,59,Campina Grande
2020-06-15,56,60,Campina Grande
2020-06-16,61,61,Campina Grande
2020-06-17,62,62,Campina Grande
2020-06-18,63,63,Campina Grande
2020-06-19,64,64,Campina Grande
2020-06-20,67,65,Campina Grande
2020-06-21,70,66,Campina Grande
2020-06-22,76,67,Campina Grande
2020-06-23,82,68,Campina Grande
2020-06-24,85,69,Campina Grande
2020-06-25,87,70,Campina Grande
2020-06-26,87,71,Campina Grande
2020-06-27,94,72,Campina Grande
2020-06-28,98,73,Campina Grande
2020-06-29,103,74,Campina Grande
2020-06-30,115,75,Campina Grande
2020-07-01,115,76,Campina Grande
2020-07-02,117,77,Campina Grande
2020-07-03,124,78,Campina Grande
2020-07-04,128,79,Campina Grande
2020-07-05,135,80,Campina Grande
2020-07-07,141,82,Campina Grande
2020-07-08,147,83,Campina Grande
2020-07-09,149,84,Campina Grande
2020-07-10,151,85,Campina Grande
2020-07-11,151,86,Campina Grande
2020-07-12,161,87,Campina Grande
2020-07-13,164,88,Campina Grande
2020-07-14,174,89,Campina Grande
2020-07-15,184,90,Campina Grande
2020-07-16,193,91,Campina Grande
2020-07-17,199,92,Campina Grande
2020-07-18,201,93,Campina Grande
2020-07-19,201,94,Campina Grande
2020-07-20,203,95,Campina Grande
2020-07-21,205,96,Campina Grande
2020-07-22,206,97,Campina Grande
2020-07-23,217,98,Campina Grande
2020-07-24,219,99,Campina Grande
2020-07-25,219,100,Campina Grande
2020-07-26,220,101,Campina Grande
2020-07-27,223,102,Campina Grande
2020-07-28,224,103,Campina Grande
2020-07-29,224,104,Campina Grande
2020-07-30,226,105,Campina Grande
2020-07-31,226,106,Campina Grande
2020-08-01,229,107,Campina Grande
2020-08-02,230,108,Campina Grande
2020-08-03,230,109,Campina Grande
2020-08-04,231,110,Campina Grande
2020-08-05,237,111,Campina Grande
2020-08-06,238,112,Campina Grande
2020-08-07,243,113,Campina Grande
2020-08-08,244,114,Campina Grande
2020-08-09,244,115,Campina Grande
2020-08-10,244,116,Campina Grande
2020-08-11,249,117,Campina Grande
2020-08-12,250,118,Campina Grande
2020-08-13,251,119,Campina Grande
2020-08-14,253,120,Campina Grande
2020-08-15,264,121,Campina Grande
2020-08-16,272,122,Campina Grande
2020-08-17,274,123,Campina Grande
2020-08-18,277,124,Campina Grande
2020-08-19,280,125,Campina Grande
2020-08-20,284,126,Campina Grande
2020-08-21,288,127,Campina Grande
2020-08-22,291,128,Campina Grande
2020-08-23,295,129,Campina Grande
2020-08-24,295,130,Campina Grande
2020-08-25,297,131,Campina Grande
2020-08-26,299,132,Campina Grande
2020-08-27,299,133,Campina Grande
2020-08-28,299,134,Campina Grande
2020-08-29,300,135,Campina Grande
2020-08-30,304,136,Campina Grande
2020-08-31,305,137,Campina Grande
2020-09-01,311,138,Campina Grande
2020-09-02,321,139,Campina Grande
2020-09-03,325,140,Campina Grande
2020-09-04,326,141,Campina Grande
2020-09-05,329,142,Campina Grande
2020-09-06,333,143,Campina Grande
2020-09-07,334,144,Campina Grande
2020-09-08,336,145,Campina Grande
2020-09-09,343,146,Campina Grande
2020-09-10,348,147,Campina Grande
2020-09-11,348,148,Campina Grande
2020-09-12,351,149,Campina Grande
2020-09-13,354,150,Campina Grande
2020-09-14,356,151,Campina Grande
2020-09-15,357,152,Campina Grande
2020-09-16,359,153,Campina Grande
2020-09-17,362,154,Campina Grande
2020-09-18,362,155,Campina Grande
2020-09-19,365,156,Campina Grande
2020-09-20,365,157,Campina Grande
2020-09-21,366,158,Campina Grande
2020-09-22,367,159,Campina Grande
2020-09-23,367,160,Campina Grande
2020-09-24,372,161,Campina Grande
2020-09-25,373,162,Campina Grande
2020-09-26,375,163,Campina Grande
2020-09-27,375,164,Campina Grande
2020-09-28,376,165,Campina Grande
2020-09-29,378,166,Campina Grande
2020-09-30,378,167,Campina Grande
2020-10-01,379,168,Campina Grande
2020-10-02,380,169,Campina Grande
2020-10-03,380,170,Campina Grande
2020-10-04,384,171,Campina Grande
2020-10-05,385,172,Campina Grande
2020-10-06,386,173,Campina Grande
2020-10-07,389,174,Campina Grande
2020-10-08,389,175,Campina Grande
2020-10-09,393,176,Campina Grande
2020-10-10,394,177,Campina Grande
2020-10-11,395,178,Campina Grande
2020-10-12,395,179,Campina Grande
2020-10-13,397,180,Campina Grande
2020-10-14,397,181,Campina Grande
2020-10-15,397,182,Campina Grande
2020-10-16,397,183,Campina Grande
2020-10-18,398,185,Campina Grande
2020-10-19,398,186,Campina Grande
2020-10-20,398,187,Campina Grande
2020-10-21,398,188,Campina Grande
2020-10-22,399,189,Campina Grande
2020-10-23,399,190,Campina Grande
2020-10-24,399,191,Campina Grande
2020-10-25,400,192,Campina Grande
2020-10-26,401,193,Campina Grande
2020-10-28,403,195,Campina Grande
2020-10-29,403,196,Campina Grande
2020-10-30,403,197,Campina Grande
2020-10-31,404,198,Campina Grande
2020-11-01,404,199,Campina Grande
2020-11-03,406,201,Campina Grande
2020-11-04,407,202,Campina Grande
2020-11-06,408,204,Campina Grande
2020-11-07,408,205,Campina Grande
2020-11-08,408,206,Campina Grande
2020-11-09,408,207,Campina Grande
2020-11-10,409,208,Campina Grande
2020-11-11,411,209,Campina Grande
2020-11-13,412,211,Campina Grande
2020-11-15,412,213,Campina Grande
2020-11-16,412,214,Campina Grande
2020-11-17,412,215,Campina Grande
2020-11-18,412,216,Campina Grande
2020-11-19,413,217,Campina Grande
2020-11-20,413,218,Campina Grande
2020-11-22,413,220,Campina Grande
2020-11-24,415,222,Campina Grande
2020-11-25,415,223,Campina Grande
2020-11-26,415,224,Campina Grande
2020-11-27,415,225,Campina Grande
2020-11-28,415,226,Campina Grande
2020-11-29,415,227,Campina Grande
2020-11-30,416,228,Campina Grande
2020-12-01,417,229,Campina Grande
2020-12-02,417,230,Campina Grande
2020-12-03,417,231,Campina Grande
2020-12-04,414,232,Campina Grande
2020-12-05,414,233,Campina Grande
2020-12-06,418,234,Campina Grande
2020-12-07,421,235,Campina Grande
2020-12-08,422,236,Campina Grande
2020-12-09,422,237,Campina Grande
2020-12-10,422,238,Campina Grande
2020-12-12,424,240,Campina Grande
2020-12-13,424,241,Campina Grande
2020-12-14,424,242,Campina Grande
2020-12-15,425,243,Campina Grande
2020-12-16,427,244,Campina Grande
2020-12-17,427,245,Campina Grande
2020-12-18,432,246,Campina Grande
2020-12-20,432,248,Campina Grande
2020-12-23,432,251,Campina Grande
2020-12-24,432,252,Campina Grande
2020-12-26,435,254,Campina Grande
2020-12-27,439,255,Campina Grande
2020-12-29,443,257,Campina Grande
2020-12-31,446,259,Campina Grande
2021-01-01,446,260,Campina Grande
2021-01-02,449,261,Campina Grande
2021-01-03,450,262,Campina Grande
2021-01-04,451,263,Campina Grande
2021-01-05,453,264,Campina Grande
2021-01-06,455,265,Campina Grande
2021-01-07,461,266,Campina Grande
2021-01-08,465,267,Campina Grande
2020-03-21,1,0,Condado de Monterey (EUA)
2020-03-22,1,1,Condado de Monterey (EUA)
2020-03-23,1,2,Condado de Monterey (EUA)
2020-03-24,1,3,Condado de Monterey (EUA)
2020-03-25,1,4,Condado de Monterey (EUA)
2020-03-26,1,5,Condado de Monterey (EUA)
2020-03-27,1,6,Condado de Monterey (EUA)
2020-03-28,1,7,Condado de Monterey (EUA)
2020-03-29,1,8,Condado de Monterey (EUA)
2020-03-30,1,9,Condado de Monterey (EUA)
2020-03-31,1,10,Condado de Monterey (EUA)
2020-04-01,1,11,Condado de Monterey (EUA)
2020-04-02,2,12,Condado de Monterey (EUA)
2020-04-03,2,13,Condado de Monterey (EUA)
2020-04-04,2,14,Condado de Monterey (EUA)
2020-04-05,2,15,Condado de Monterey (EUA)
2020-04-06,2,16,Condado de Monterey (EUA)
2020-04-07,2,17,Condado de Monterey (EUA)
2020-04-08,2,18,Condado de Monterey (EUA)
2020-04-09,2,19,Condado de Monterey (EUA)
2020-04-10,3,20,Condado de Monterey (EUA)
2020-04-11,3,21,Condado de Monterey (EUA)
2020-04-12,3,22,Condado de Monterey (EUA)
2020-04-13,3,23,Condado de Monterey (EUA)
2020-04-14,3,24,Condado de Monterey (EUA)
2020-04-15,3,25,Condado de Monterey (EUA)
2020-04-16,3,26,Condado de Monterey (EUA)
2020-04-17,3,27,Condado de Monterey (EUA)
2020-04-18,3,28,Condado de Monterey (EUA)
2020-04-19,3,29,Condado de Monterey (EUA)
2020-04-20,4,30,Condado de Monterey (EUA)
2020-04-21,4,31,Condado de Monterey (EUA)
2020-04-22,4,32,Condado de Monterey (EUA)
2020-04-23,4,33,Condado de Monterey (EUA)
2020-04-24,4,34,Condado de Monterey (EUA)
2020-04-25,4,35,Condado de Monterey (EUA)
2020-04-26,4,36,Condado de Monterey (EUA)
2020-04-27,4,37,Condado de Monterey (EUA)
2020-04-28,4,38,Condado de Monterey (EUA)
2020-04-29,5,39,Condado de Monterey (EUA)
2020-04-30,5,40,Condado de Monterey (EUA)
2020-05-01,5,41,Condado de Monterey (EUA)
2020-05-02,5,42,Condado de Monterey (EUA)
2020-05-03,6,43,Condado de Monterey (EUA)
2020-05-04,6,44,Condado de Monterey (EUA)
2020-05-05,6,45,Condado de Monterey (EUA)
2020-05-06,6,46,Condado de Monterey (EUA)
2020-05-07,6,47,Condado de Monterey (EUA)
2020-05-08,6,48,Condado de Monterey (EUA)
2020-05-09,6,49,Condado de Monterey (EUA)
2020-05-10,6,50,Condado de Monterey (EUA)
2020-05-11,6,51,Condado de Monterey (EUA)
2020-05-12,6,52,Condado de Monterey (EUA)
2020-05-13,6,53,Condado de Monterey (EUA)
2020-05-14,6,54,Condado de Monterey (EUA)
2020-05-15,6,55,Condado de Monterey (EUA)
2020-05-16,8,56,Condado de Monterey (EUA)
2020-05-17,8,57,Condado de Monterey (EUA)
2020-05-18,8,58,Condado de Monterey (EUA)
2020-05-19,8,59,Condado de Monterey (EUA)
2020-05-20,8,60,Condado de Monterey (EUA)
2020-05-21,8,61,Condado de Monterey (EUA)
2020-05-22,8,62,Condado de Monterey (EUA)
2020-05-23,8,63,Condado de Monterey (EUA)
2020-05-24,8,64,Condado de Monterey (EUA)
2020-05-25,8,65,Condado de Monterey (EUA)
2020-05-26,8,66,Condado de Monterey (EUA)
2020-05-27,8,67,Condado de Monterey (EUA)
2020-05-28,9,68,Condado de Monterey (EUA)
2020-05-29,10,69,Condado de Monterey (EUA)
2020-05-30,10,70,Condado de Monterey (EUA)
2020-05-31,10,71,Condado de Monterey (EUA)
2020-06-01,10,72,Condado de Monterey (EUA)
2020-06-02,10,73,Condado de Monterey (EUA)
2020-06-03,10,74,Condado de Monterey (EUA)
2020-06-04,10,75,Condado de Monterey (EUA)
2020-06-05,10,76,Condado de Monterey (EUA)
2020-06-06,10,77,Condado de Monterey (EUA)
2020-06-07,10,78,Condado de Monterey (EUA)
2020-06-08,10,79,Condado de Monterey (EUA)
2020-06-09,11,80,Condado de Monterey (EUA)
2020-06-10,11,81,Condado de Monterey (EUA)
2020-06-11,11,82,Condado de Monterey (EUA)
2020-06-12,11,83,Condado de Monterey (EUA)
2020-06-13,11,84,Condado de Monterey (EUA)
2020-06-14,12,85,Condado de Monterey (EUA)
2020-06-15,12,86,Condado de Monterey (EUA)
2020-06-16,12,87,Condado de Monterey (EUA)
2020-06-17,12,88,Condado de Monterey (EUA)
2020-06-18,12,89,Condado de Monterey (EUA)
2020-06-19,12,90,Condado de Monterey (EUA)
2020-06-20,12,91,Condado de Monterey (EUA)
2020-06-21,12,92,Condado de Monterey (EUA)
2020-06-22,12,93,Condado de Monterey (EUA)
2020-06-23,12,94,Condado de Monterey (EUA)
2020-06-24,12,95,Condado de Monterey (EUA)
2020-06-25,12,96,Condado de Monterey (EUA)
2020-06-26,12,97,Condado de Monterey (EUA)
2020-06-27,12,98,Condado de Monterey (EUA)
2020-06-28,13,99,Condado de Monterey (EUA)
2020-06-29,14,100,Condado de Monterey (EUA)
2020-06-30,15,101,Condado de Monterey (EUA)
2020-07-01,15,102,Condado de Monterey (EUA)
2020-07-02,15,103,Condado de Monterey (EUA)
2020-07-03,15,104,Condado de Monterey (EUA)
2020-07-04,15,105,Condado de Monterey (EUA)
2020-07-05,15,106,Condado de Monterey (EUA)
2020-07-06,15,107,Condado de Monterey (EUA)
2020-07-07,17,108,Condado de Monterey (EUA)
2020-07-08,17,109,Condado de Monterey (EUA)
2020-07-09,17,110,Condado de Monterey (EUA)
2020-07-10,18,111,Condado de Monterey (EUA)
2020-07-11,18,112,Condado de Monterey (EUA)
2020-07-12,18,113,Condado de Monterey (EUA)
2020-07-13,18,114,Condado de Monterey (EUA)
2020-07-14,18,115,Condado de Monterey (EUA)
2020-07-15,18,116,Condado de Monterey (EUA)
2020-07-16,18,117,Condado de Monterey (EUA)
2020-07-17,18,118,Condado de Monterey (EUA)
2020-07-18,18,119,Condado de Monterey (EUA)
2020-07-19,18,120,Condado de Monterey (EUA)
2020-07-20,19,121,Condado de Monterey (EUA)
2020-07-21,21,122,Condado de Monterey (EUA)
2020-07-22,21,123,Condado de Monterey (EUA)
2020-07-23,22,124,Condado de Monterey (EUA)
2020-07-24,22,125,Condado de Monterey (EUA)
2020-07-25,22,126,Condado de Monterey (EUA)
2020-07-26,23,127,Condado de Monterey (EUA)
2020-07-27,23,128,Condado de Monterey (EUA)
2020-07-28,24,129,Condado de Monterey (EUA)
2020-07-29,26,130,Condado de Monterey (EUA)
2020-07-30,26,131,Condado de Monterey (EUA)
2020-07-31,26,132,Condado de Monterey (EUA)
2020-08-01,30,133,Condado de Monterey (EUA)
2020-08-02,30,134,Condado de Monterey (EUA)
2020-08-03,30,135,Condado de Monterey (EUA)
2020-08-04,34,136,Condado de Monterey (EUA)
2020-08-05,34,137,Condado de Monterey (EUA)
2020-08-06,35,138,Condado de Monterey (EUA)
2020-08-07,35,139,Condado de Monterey (EUA)
2020-08-08,35,140,Condado de Monterey (EUA)
2020-08-09,35,141,Condado de Monterey (EUA)
2020-08-10,35,142,Condado de Monterey (EUA)
2020-08-11,37,143,Condado de Monterey (EUA)
2020-08-12,39,144,Condado de Monterey (EUA)
2020-08-13,40,145,Condado de Monterey (EUA)
2020-08-14,41,146,Condado de Monterey (EUA)
2020-08-15,46,147,Condado de Monterey (EUA)
2020-08-16,46,148,Condado de Monterey (EUA)
2020-08-17,46,149,Condado de Monterey (EUA)
2020-08-18,46,150,Condado de Monterey (EUA)
2020-08-19,47,151,Condado de Monterey (EUA)
2020-08-20,47,152,Condado de Monterey (EUA)
2020-08-21,49,153,Condado de Monterey (EUA)
2020-08-22,51,154,Condado de Monterey (EUA)
2020-08-23,52,155,Condado de Monterey (EUA)
2020-08-24,52,156,Condado de Monterey (EUA)
2020-08-25,52,157,Condado de Monterey (EUA)
2020-08-26,53,158,Condado de Monterey (EUA)
2020-08-27,53,159,Condado de Monterey (EUA)
2020-08-28,53,160,Condado de Monterey (EUA)
2020-08-29,55,161,Condado de Monterey (EUA)
2020-08-30,55,162,Condado de Monterey (EUA)
2020-08-31,58,163,Condado de Monterey (EUA)
2020-09-01,58,164,Condado de Monterey (EUA)
2020-09-02,58,165,Condado de Monterey (EUA)
2020-09-03,58,166,Condado de Monterey (EUA)
2020-09-04,58,167,Condado de Monterey (EUA)
2020-09-05,58,168,Condado de Monterey (EUA)
2020-09-06,58,169,Condado de Monterey (EUA)
2020-09-07,58,170,Condado de Monterey (EUA)
2020-09-08,59,171,Condado de Monterey (EUA)
2020-09-09,62,172,Condado de Monterey (EUA)
2020-09-10,62,173,Condado de Monterey (EUA)
2020-09-11,62,174,Condado de Monterey (EUA)
2020-09-12,64,175,Condado de Monterey (EUA)
2020-09-13,64,176,Condado de Monterey (EUA)
2020-09-14,64,177,Condado de Monterey (EUA)
2020-09-15,64,178,Condado de Monterey (EUA)
2020-09-16,65,179,Condado de Monterey (EUA)
2020-09-17,65,180,Condado de Monterey (EUA)
2020-09-18,65,181,Condado de Monterey (EUA)
2020-09-19,66,182,Condado de Monterey (EUA)
2020-09-20,67,183,Condado de Monterey (EUA)
2020-09-21,67,184,Condado de Monterey (EUA)
2020-09-22,69,185,Condado de Monterey (EUA)
2020-09-23,70,186,Condado de Monterey (EUA)
2020-09-24,70,187,Condado de Monterey (EUA)
2020-09-25,70,188,Condado de Monterey (EUA)
2020-09-26,71,189,Condado de Monterey (EUA)
2020-09-27,71,190,Condado de Monterey (EUA)
2020-09-28,72,191,Condado de Monterey (EUA)
2020-09-29,72,192,Condado de Monterey (EUA)
2020-09-30,73,193,Condado de Monterey (EUA)
2020-10-01,73,194,Condado de Monterey (EUA)
2020-10-02,74,195,Condado de Monterey (EUA)
2020-10-03,74,196,Condado de Monterey (EUA)
2020-10-04,75,197,Condado de Monterey (EUA)
2020-10-05,75,198,Condado de Monterey (EUA)
2020-10-06,75,199,Condado de Monterey (EUA)
2020-10-07,75,200,Condado de Monterey (EUA)
2020-10-08,78,201,Condado de Monterey (EUA)
2020-10-09,78,202,Condado de Monterey (EUA)
2020-10-10,78,203,Condado de Monterey (EUA)
2020-10-11,78,204,Condado de Monterey (EUA)
2020-10-12,80,205,Condado de Monterey (EUA)
2020-10-13,80,206,Condado de Monterey (EUA)
2020-10-14,81,207,Condado de Monterey (EUA)
2020-10-15,81,208,Condado de Monterey (EUA)
2020-10-16,82,209,Condado de Monterey (EUA)
2020-10-17,82,210,Condado de Monterey (EUA)
2020-10-18,83,211,Condado de Monterey (EUA)
2020-10-19,83,212,Condado de Monterey (EUA)
2020-10-20,83,213,Condado de Monterey (EUA)
2020-10-21,84,214,Condado de Monterey (EUA)
2020-10-22,86,215,Condado de Monterey (EUA)
2020-10-23,87,216,Condado de Monterey (EUA)
2020-10-24,89,217,Condado de Monterey (EUA)
2020-10-25,91,218,Condado de Monterey (EUA)
2020-10-26,91,219,Condado de Monterey (EUA)
2020-10-27,90,220,Condado de Monterey (EUA)
2020-10-28,91,221,Condado de Monterey (EUA)
2020-10-29,92,222,Condado de Monterey (EUA)
2020-10-30,95,223,Condado de Monterey (EUA)
2020-10-31,95,224,Condado de Monterey (EUA)
2020-11-01,96,225,Condado de Monterey (EUA)
2020-11-02,96,226,Condado de Monterey (EUA)
2020-11-03,96,227,Condado de Monterey (EUA)
2020-11-04,97,228,Condado de Monterey (EUA)
2020-11-05,99,229,Condado de Monterey (EUA)
2020-11-06,99,230,Condado de Monterey (EUA)
2020-11-07,99,231,Condado de Monterey (EUA)
2020-11-08,101,232,Condado de Monterey (EUA)
2020-11-09,101,233,Condado de Monterey (EUA)
2020-11-10,101,234,Condado de Monterey (EUA)
2020-11-11,102,235,Condado de Monterey (EUA)
2020-11-12,103,236,Condado de Monterey (EUA)
2020-11-13,103,237,Condado de Monterey (EUA)
2020-11-14,107,238,Condado de Monterey (EUA)
2020-11-15,108,239,Condado de Monterey (EUA)
2020-11-16,110,240,Condado de Monterey (EUA)
2020-11-17,110,241,Condado de Monterey (EUA)
2020-11-18,111,242,Condado de Monterey (EUA)
2020-11-19,111,243,Condado de Monterey (EUA)
2020-11-20,111,244,Condado de Monterey (EUA)
2020-11-21,113,245,Condado de Monterey (EUA)
2020-11-22,113,246,Condado de Monterey (EUA)
2020-11-23,114,247,Condado de Monterey (EUA)
2020-11-24,115,248,Condado de Monterey (EUA)
2020-11-25,116,249,Condado de Monterey (EUA)
2020-11-26,116,250,Condado de Monterey (EUA)
2020-11-27,116,251,Condado de Monterey (EUA)
2020-11-28,116,252,Condado de Monterey (EUA)
2020-11-29,121,253,Condado de Monterey (EUA)
2020-11-30,122,254,Condado de Monterey (EUA)
2020-12-01,122,255,Condado de Monterey (EUA)
2020-12-02,123,256,Condado de Monterey (EUA)
2020-12-03,124,257,Condado de Monterey (EUA)
2020-12-04,128,258,Condado de Monterey (EUA)
2020-12-05,130,259,Condado de Monterey (EUA)
2020-12-06,130,260,Condado de Monterey (EUA)
2020-12-07,134,261,Condado de Monterey (EUA)
2020-12-08,136,262,Condado de Monterey (EUA)
2020-12-09,136,263,Condado de Monterey (EUA)
2020-12-10,146,264,Condado de Monterey (EUA)
2020-12-11,148,265,Condado de Monterey (EUA)
2020-12-12,153,266,Condado de Monterey (EUA)
2020-12-13,154,267,Condado de Monterey (EUA)
2020-12-14,156,268,Condado de Monterey (EUA)
2020-12-15,158,269,Condado de Monterey (EUA)
2020-12-16,165,270,Condado de Monterey (EUA)
2020-12-17,167,271,Condado de Monterey (EUA)
2020-12-18,167,272,Condado de Monterey (EUA)
2020-12-19,170,273,Condado de Monterey (EUA)
2020-12-20,177,274,Condado de Monterey (EUA)
2020-12-21,177,275,Condado de Monterey (EUA)
2020-12-22,178,276,Condado de Monterey (EUA)
2020-12-23,180,277,Condado de Monterey (EUA)
2020-12-24,182,278,Condado de Monterey (EUA)
2020-12-25,185,279,Condado de Monterey (EUA)
2020-12-26,185,280,Condado de Monterey (EUA)
2020-12-27,186,281,Condado de Monterey (EUA)
2020-12-28,186,282,Condado de Monterey (EUA)
2020-12-29,189,283,Condado de Monterey (EUA)
2020-12-30,190,284,Condado de Monterey (EUA)
2020-12-31,190,285,Condado de Monterey (EUA)
2021-01-01,193,286,Condado de Monterey (EUA)
2021-01-02,196,287,Condado de Monterey (EUA)
2021-01-03,196,288,Condado de Monterey (EUA)
2021-01-04,196,289,Condado de Monterey (EUA)
2021-01-05,196,290,Condado de Monterey (EUA)
2021-01-06,216,291,Condado de Monterey (EUA)
2021-01-07,229,292,Condado de Monterey (EUA)
2021-01-08,229,293,Condado de Monterey (EUA)
2020-04-03,1,0,Diadema
2020-04-04,1,1,Diadema
2020-04-05,1,2,Diadema
2020-04-06,1,3,Diadema
2020-04-07,1,4,Diadema
2020-04-08,1,5,Diadema
2020-04-09,1,6,Diadema
2020-04-10,1,7,Diadema
2020-04-11,1,8,Diadema
2020-04-12,1,9,Diadema
2020-04-13,1,10,Diadema
2020-04-14,2,11,Diadema
2020-04-15,2,12,Diadema
2020-04-16,3,13,Diadema
2020-04-17,3,14,Diadema
2020-04-18,5,15,Diadema
2020-04-19,5,16,Diadema
2020-04-20,5,17,Diadema
2020-04-21,5,18,Diadema
2020-04-22,5,19,Diadema
2020-04-23,5,20,Diadema
2020-04-24,11,21,Diadema
2020-04-25,11,22,Diadema
2020-04-26,11,23,Diadema
2020-04-27,13,24,Diadema
2020-04-28,14,25,Diadema
2020-04-29,18,26,Diadema
2020-04-30,19,27,Diadema
2020-05-01,23,28,Diadema
2020-05-02,23,29,Diadema
2020-05-03,25,30,Diadema
2020-05-04,26,31,Diadema
2020-05-05,27,32,Diadema
2020-05-06,28,33,Diadema
2020-05-07,31,34,Diadema
2020-05-08,31,35,Diadema
2020-05-09,32,36,Diadema
2020-05-10,33,37,Diadema
2020-05-11,33,38,Diadema
2020-05-12,34,39,Diadema
2020-05-13,40,40,Diadema
2020-05-14,45,41,Diadema
2020-05-15,50,42,Diadema
2020-05-16,51,43,Diadema
2020-05-17,51,44,Diadema
2020-05-18,51,45,Diadema
2020-05-19,54,46,Diadema
2020-05-20,58,47,Diadema
2020-05-21,62,48,Diadema
2020-05-22,61,49,Diadema
2020-05-23,61,50,Diadema
2020-05-24,63,51,Diadema
2020-05-25,63,52,Diadema
2020-05-26,64,53,Diadema
2020-05-27,69,54,Diadema
2020-05-28,69,55,Diadema
2020-05-29,72,56,Diadema
2020-05-30,83,57,Diadema
2020-05-31,84,58,Diadema
2020-06-01,84,59,Diadema
2020-06-02,90,60,Diadema
2020-06-03,89,61,Diadema
2020-06-04,93,62,Diadema
2020-06-05,99,63,Diadema
2020-06-06,101,64,Diadema
2020-06-07,101,65,Diadema
2020-06-08,101,66,Diadema
2020-06-09,111,67,Diadema
2020-06-10,114,68,Diadema
2020-06-11,116,69,Diadema
2020-06-12,125,70,Diadema
2020-06-13,127,71,Diadema
2020-06-14,128,72,Diadema
2020-06-15,128,73,Diadema
2020-06-16,134,74,Diadema
2020-06-17,137,75,Diadema
2020-06-18,138,76,Diadema
2020-06-19,142,77,Diadema
2020-06-20,147,78,Diadema
2020-06-21,147,79,Diadema
2020-06-22,147,80,Diadema
2020-06-23,150,81,Diadema
2020-06-24,151,82,Diadema
2020-06-25,164,83,Diadema
2020-06-26,165,84,Diadema
2020-06-27,170,85,Diadema
2020-06-28,170,86,Diadema
2020-06-29,170,87,Diadema
2020-06-30,175,88,Diadema
2020-07-01,177,89,Diadema
2020-07-02,187,90,Diadema
2020-07-03,193,91,Diadema
2020-07-04,197,92,Diadema
2020-07-05,201,93,Diadema
2020-07-06,201,94,Diadema
2020-07-07,201,95,Diadema
2020-07-08,205,96,Diadema
2020-07-09,206,97,Diadema
2020-07-10,209,98,Diadema
2020-07-11,210,99,Diadema
2020-07-12,210,100,Diadema
2020-07-13,210,101,Diadema
2020-07-14,212,102,Diadema
2020-07-15,214,103,Diadema
2020-07-16,219,104,Diadema
2020-07-17,224,105,Diadema
2020-07-18,224,106,Diadema
2020-07-19,224,107,Diadema
2020-07-20,224,108,Diadema
2020-07-21,230,109,Diadema
2020-07-22,237,110,Diadema
2020-07-23,239,111,Diadema
2020-07-24,243,112,Diadema
2020-07-25,244,113,Diadema
2020-07-26,244,114,Diadema
2020-07-27,244,115,Diadema
2020-07-28,245,116,Diadema
2020-07-29,245,117,Diadema
2020-07-30,246,118,Diadema
2020-07-31,246,119,Diadema
2020-08-01,248,120,Diadema
2020-08-02,248,121,Diadema
2020-08-03,248,122,Diadema
2020-08-04,250,123,Diadema
2020-08-05,256,124,Diadema
2020-08-06,257,125,Diadema
2020-08-07,262,126,Diadema
2020-08-08,265,127,Diadema
2020-08-09,267,128,Diadema
2020-08-10,267,129,Diadema
2020-08-11,268,130,Diadema
2020-08-12,270,131,Diadema
2020-08-13,270,132,Diadema
2020-08-14,273,133,Diadema
2020-08-15,273,134,Diadema
2020-08-16,274,135,Diadema
2020-08-17,272,136,Diadema
2020-08-18,274,137,Diadema
2020-08-19,277,138,Diadema
2020-08-20,281,139,Diadema
2020-08-21,283,140,Diadema
2020-08-22,283,141,Diadema
2020-08-23,284,142,Diadema
2020-08-24,285,143,Diadema
2020-08-25,286,144,Diadema
2020-08-26,288,145,Diadema
2020-08-27,288,146,Diadema
2020-08-28,288,147,Diadema
2020-08-30,293,149,Diadema
2020-08-31,293,150,Diadema
2020-09-01,294,151,Diadema
2020-09-02,296,152,Diadema
2020-09-03,300,153,Diadema
2020-09-04,301,154,Diadema
2020-09-05,301,155,Diadema
2020-09-06,301,156,Diadema
2020-09-08,304,158,Diadema
2020-09-09,306,159,Diadema
2020-09-10,306,160,Diadema
2020-09-11,309,161,Diadema
2020-09-12,312,162,Diadema
2020-09-13,312,163,Diadema
2020-09-14,312,164,Diadema
2020-09-15,312,165,Diadema
2020-09-16,340,166,Diadema
2020-09-17,340,167,Diadema
2020-09-18,345,168,Diadema
2020-09-19,348,169,Diadema
2020-09-20,348,170,Diadema
2020-09-21,348,171,Diadema
2020-09-22,351,172,Diadema
2020-09-23,351,173,Diadema
2020-09-24,352,174,Diadema
2020-09-25,354,175,Diadema
2020-09-26,356,176,Diadema
2020-09-27,357,177,Diadema
2020-09-28,357,178,Diadema
2020-09-29,359,179,Diadema
2020-09-30,359,180,Diadema
2020-10-01,359,181,Diadema
2020-10-02,361,182,Diadema
2020-10-03,363,183,Diadema
2020-10-06,365,186,Diadema
2020-10-08,369,188,Diadema
2020-10-09,369,189,Diadema
2020-10-10,372,190,Diadema
2020-10-11,372,191,Diadema
2020-10-12,372,192,Diadema
2020-10-13,372,193,Diadema
2020-10-14,373,194,Diadema
2020-10-17,377,197,Diadema
2020-10-18,377,198,Diadema
2020-10-20,380,200,Diadema
2020-10-21,382,201,Diadema
2020-10-22,382,202,Diadema
2020-10-23,385,203,Diadema
2020-10-24,387,204,Diadema
2020-10-25,387,205,Diadema
2020-10-26,387,206,Diadema
2020-10-27,388,207,Diadema
2020-10-28,388,208,Diadema
2020-10-29,389,209,Diadema
2020-10-30,391,210,Diadema
2020-10-31,392,211,Diadema
2020-11-02,392,213,Diadema
2020-11-03,392,214,Diadema
2020-11-04,392,215,Diadema
2020-11-05,391,216,Diadema
2020-11-10,391,221,Diadema
2020-11-11,393,222,Diadema
2020-11-12,396,223,Diadema
2020-11-13,396,224,Diadema
2020-11-14,401,225,Diadema
2020-11-15,401,226,Diadema
2020-11-16,401,227,Diadema
2020-11-17,397,228,Diadema
2020-11-18,400,229,Diadema
2020-11-19,423,230,Diadema
2020-11-21,424,232,Diadema
2020-11-22,424,233,Diadema
2020-11-23,424,234,Diadema
2020-11-24,425,235,Diadema
2020-11-25,428,236,Diadema
2020-11-26,435,237,Diadema
2020-11-27,436,238,Diadema
2020-11-28,436,239,Diadema
2020-11-29,436,240,Diadema
2020-11-30,436,241,Diadema
2020-12-01,439,242,Diadema
2020-12-02,441,243,Diadema
2020-12-03,443,244,Diadema
2020-12-04,445,245,Diadema
2020-12-05,446,246,Diadema
2020-12-06,447,247,Diadema
2020-12-07,447,248,Diadema
2020-12-08,452,249,Diadema
2020-12-09,454,250,Diadema
2020-12-10,456,251,Diadema
2020-12-11,458,252,Diadema
2020-12-12,458,253,Diadema
2020-12-13,458,254,Diadema
2020-12-14,459,255,Diadema
2020-12-15,460,256,Diadema
2020-12-17,467,258,Diadema
2020-12-18,468,259,Diadema
2020-12-20,473,261,Diadema
2020-12-21,473,262,Diadema
2020-12-22,476,263,Diadema
2020-12-24,478,265,Diadema
2020-12-27,479,268,Diadema
2020-12-28,479,269,Diadema
2020-12-29,477,270,Diadema
2020-12-31,480,272,Diadema
2021-01-03,481,275,Diadema
2021-01-04,481,276,Diadema
2021-01-05,484,277,Diadema
2021-01-07,486,279,Diadema
2020-04-08,1,0,Jundiaí
2020-04-09,1,1,Jundiaí
2020-04-10,1,2,Jundiaí
2020-04-11,1,3,Jundiaí
2020-04-12,1,4,Jundiaí
2020-04-13,1,5,Jundiaí
2020-04-14,1,6,Jundiaí
2020-04-15,3,7,Jundiaí
2020-04-16,3,8,Jundiaí
2020-04-17,4,9,Jundiaí
2020-04-18,4,10,Jundiaí
2020-04-19,4,11,Jundiaí
2020-04-20,5,12,Jundiaí
2020-04-21,6,13,Jundiaí
2020-04-22,8,14,Jundiaí
2020-04-23,10,15,Jundiaí
2020-04-24,12,16,Jundiaí
2020-04-25,13,17,Jundiaí
2020-04-26,13,18,Jundiaí
2020-04-27,13,19,Jundiaí
2020-04-28,13,20,Jundiaí
2020-04-29,15,21,Jundiaí
2020-04-30,15,22,Jundiaí
2020-05-01,15,23,Jundiaí
2020-05-02,15,24,Jundiaí
2020-05-03,16,25,Jundiaí
2020-05-04,16,26,Jundiaí
2020-05-05,17,27,Jundiaí
2020-05-06,19,28,Jundiaí
2020-05-07,19,29,Jundiaí
2020-05-08,19,30,Jundiaí
2020-05-09,20,31,Jundiaí
2020-05-10,20,32,Jundiaí
2020-05-11,21,33,Jundiaí
2020-05-12,22,34,Jundiaí
2020-05-13,23,35,Jundiaí
2020-05-14,24,36,Jundiaí
2020-05-15,26,37,Jundiaí
2020-05-16,27,38,Jundiaí
2020-05-17,29,39,Jundiaí
2020-05-18,30,40,Jundiaí
2020-05-19,31,41,Jundiaí
2020-05-20,34,42,Jundiaí
2020-05-21,38,43,Jundiaí
2020-05-22,41,44,Jundiaí
2020-05-23,42,45,Jundiaí
2020-05-24,42,46,Jundiaí
2020-05-25,46,47,Jundiaí
2020-05-26,47,48,Jundiaí
2020-05-27,52,49,Jundiaí
2020-05-28,52,50,Jundiaí
2020-05-29,52,51,Jundiaí
2020-05-30,57,52,Jundiaí
2020-05-31,57,53,Jundiaí
2020-06-01,57,54,Jundiaí
2020-06-02,70,55,Jundiaí
2020-06-03,73,56,Jundiaí
2020-06-04,75,57,Jundiaí
2020-06-05,78,58,Jundiaí
2020-06-06,81,59,Jundiaí
2020-06-07,84,60,Jundiaí
2020-06-08,88,61,Jundiaí
2020-06-09,91,62,Jundiaí
2020-06-10,95,63,Jundiaí
2020-06-11,97,64,Jundiaí
2020-06-12,101,65,Jundiaí
2020-06-13,104,66,Jundiaí
2020-06-14,107,67,Jundiaí
2020-06-15,110,68,Jundiaí
2020-06-16,118,69,Jundiaí
2020-06-17,127,70,Jundiaí
2020-06-18,132,71,Jundiaí
2020-06-19,137,72,Jundiaí
2020-06-20,141,73,Jundiaí
2020-06-21,143,74,Jundiaí
2020-06-22,146,75,Jundiaí
2020-06-23,149,76,Jundiaí
2020-06-24,151,77,Jundiaí
2020-06-25,156,78,Jundiaí
2020-06-26,158,79,Jundiaí
2020-06-27,164,80,Jundiaí
2020-06-28,169,81,Jundiaí
2020-06-29,175,82,Jundiaí
2020-06-30,178,83,Jundiaí
2020-07-01,180,84,Jundiaí
2020-07-02,186,85,Jundiaí
2020-07-03,191,86,Jundiaí
2020-07-04,198,87,Jundiaí
2020-07-05,200,88,Jundiaí
2020-07-06,203,89,Jundiaí
2020-07-07,209,90,Jundiaí
2020-07-08,215,91,Jundiaí
2020-07-09,216,92,Jundiaí
2020-07-10,223,93,Jundiaí
2020-07-11,227,94,Jundiaí
2020-07-12,230,95,Jundiaí
2020-07-13,232,96,Jundiaí
2020-07-14,237,97,Jundiaí
2020-07-15,239,98,Jundiaí
2020-07-16,244,99,Jundiaí
2020-07-17,246,100,Jundiaí
2020-07-18,249,101,Jundiaí
2020-07-19,250,102,Jundiaí
2020-07-20,253,103,Jundiaí
2020-07-21,258,104,Jundiaí
2020-07-22,262,105,Jundiaí
2020-07-23,270,106,Jundiaí
2020-07-24,272,107,Jundiaí
2020-07-25,276,108,Jundiaí
2020-07-26,278,109,Jundiaí
2020-07-27,282,110,Jundiaí
2020-07-28,286,111,Jundiaí
2020-07-29,289,112,Jundiaí
2020-07-30,293,113,Jundiaí
2020-07-31,301,114,Jundiaí
2020-08-01,305,115,Jundiaí
2020-08-02,305,116,Jundiaí
2020-08-03,306,117,Jundiaí
2020-08-04,311,118,Jundiaí
2020-08-05,312,119,Jundiaí
2020-08-06,313,120,Jundiaí
2020-08-07,314,121,Jundiaí
2020-08-08,319,122,Jundiaí
2020-08-09,319,123,Jundiaí
2020-08-10,320,124,Jundiaí
2020-08-11,328,125,Jundiaí
2020-08-12,329,126,Jundiaí
2020-08-13,331,127,Jundiaí
2020-08-14,335,128,Jundiaí
2020-08-15,339,129,Jundiaí
2020-08-16,339,130,Jundiaí
2020-08-17,340,131,Jundiaí
2020-08-18,343,132,Jundiaí
2020-08-19,343,133,Jundiaí
2020-08-20,345,134,Jundiaí
2020-08-21,348,135,Jundiaí
2020-08-22,351,136,Jundiaí
2020-08-23,352,137,Jundiaí
2020-08-24,352,138,Jundiaí
2020-08-25,355,139,Jundiaí
2020-08-26,357,140,Jundiaí
2020-08-27,358,141,Jundiaí
2020-08-28,359,142,Jundiaí
2020-08-30,364,144,Jundiaí
2020-08-31,364,145,Jundiaí
2020-09-01,366,146,Jundiaí
2020-09-02,369,147,Jundiaí
2020-09-03,370,148,Jundiaí
2020-09-04,371,149,Jundiaí
2020-09-05,373,150,Jundiaí
2020-09-06,375,151,Jundiaí
2020-09-08,379,153,Jundiaí
2020-09-09,379,154,Jundiaí
2020-09-10,380,155,Jundiaí
2020-09-11,381,156,Jundiaí
2020-09-12,384,157,Jundiaí
2020-09-13,385,158,Jundiaí
2020-09-14,386,159,Jundiaí
2020-09-15,389,160,Jundiaí
2020-09-16,390,161,Jundiaí
2020-09-17,393,162,Jundiaí
2020-09-18,394,163,Jundiaí
2020-09-19,397,164,Jundiaí
2020-09-20,398,165,Jundiaí
2020-09-21,398,166,Jundiaí
2020-09-22,398,167,Jundiaí
2020-09-23,398,168,Jundiaí
2020-09-24,398,169,Jundiaí
2020-09-25,399,170,Jundiaí
2020-09-26,400,171,Jundiaí
2020-09-27,400,172,Jundiaí
2020-09-28,400,173,Jundiaí
2020-09-29,402,174,Jundiaí
2020-09-30,405,175,Jundiaí
2020-10-01,405,176,Jundiaí
2020-10-02,405,177,Jundiaí
2020-10-03,406,178,Jundiaí
2020-10-06,408,181,Jundiaí
2020-10-08,408,183,Jundiaí
2020-10-09,410,184,Jundiaí
2020-10-10,410,185,Jundiaí
2020-10-11,410,186,Jundiaí
2020-10-12,411,187,Jundiaí
2020-10-13,411,188,Jundiaí
2020-10-14,412,189,Jundiaí
2020-10-17,415,192,Jundiaí
2020-10-18,416,193,Jundiaí
2020-10-20,416,195,Jundiaí
2020-10-21,416,196,Jundiaí
2020-10-22,416,197,Jundiaí
2020-10-23,416,198,Jundiaí
2020-10-24,417,199,Jundiaí
2020-10-25,417,200,Jundiaí
2020-10-26,418,201,Jundiaí
2020-10-27,418,202,Jundiaí
2020-10-28,418,203,Jundiaí
2020-10-29,418,204,Jundiaí
2020-10-30,418,205,Jundiaí
2020-10-31,418,206,Jundiaí
2020-11-02,418,208,Jundiaí
2020-11-03,419,209,Jundiaí
2020-11-04,419,210,Jundiaí
2020-11-05,419,211,Jundiaí
2020-11-10,419,216,Jundiaí
2020-11-11,421,217,Jundiaí
2020-11-12,423,218,Jundiaí
2020-11-13,423,219,Jundiaí
2020-11-14,425,220,Jundiaí
2020-11-15,425,221,Jundiaí
2020-11-16,426,222,Jundiaí
2020-11-17,425,223,Jundiaí
2020-11-18,425,224,Jundiaí
2020-11-19,425,225,Jundiaí
2020-11-21,425,227,Jundiaí
2020-11-22,425,228,Jundiaí
2020-11-23,426,229,Jundiaí
2020-11-24,426,230,Jundiaí
2020-11-25,426,231,Jundiaí
2020-11-26,427,232,Jundiaí
2020-11-27,427,233,Jundiaí
2020-11-28,427,234,Jundiaí
2020-11-29,429,235,Jundiaí
2020-11-30,429,236,Jundiaí
2020-12-01,433,237,Jundiaí
2020-12-02,437,238,Jundiaí
2020-12-03,439,239,Jundiaí
2020-12-04,441,240,Jundiaí
2020-12-05,441,241,Jundiaí
2020-12-06,441,242,Jundiaí
2020-12-07,441,243,Jundiaí
2020-12-08,445,244,Jundiaí
2020-12-09,446,245,Jundiaí
2020-12-10,447,246,Jundiaí
2020-12-11,447,247,Jundiaí
2020-12-12,448,248,Jundiaí
2020-12-13,449,249,Jundiaí
2020-12-14,452,250,Jundiaí
2020-12-15,452,251,Jundiaí
2020-12-17,457,253,Jundiaí
2020-12-18,459,254,Jundiaí
2020-12-20,461,256,Jundiaí
2020-12-21,462,257,Jundiaí
2020-12-22,465,258,Jundiaí
2020-12-24,466,260,Jundiaí
2020-12-27,474,263,Jundiaí
2020-12-28,474,264,Jundiaí
2020-12-29,479,265,Jundiaí
2020-12-31,485,267,Jundiaí
2021-01-03,489,270,Jundiaí
2021-01-04,489,271,Jundiaí
2021-01-05,491,272,Jundiaí
2021-01-07,492,274,Jundiaí
2020-04-03,1,0,Londrina
2020-04-04,1,1,Londrina
2020-04-05,1,2,Londrina
2020-04-06,1,3,Londrina
2020-04-07,2,4,Londrina
2020-04-08,2,5,Londrina
2020-04-09,2,6,Londrina
2020-04-10,3,7,Londrina
2020-04-11,3,8,Londrina
2020-04-12,4,9,Londrina
2020-04-13,4,10,Londrina
2020-04-14,4,11,Londrina
2020-04-15,4,12,Londrina
2020-04-16,4,13,Londrina
2020-04-17,5,14,Londrina
2020-04-18,6,15,Londrina
2020-04-19,7,16,Londrina
2020-04-20,7,17,Londrina
2020-04-21,7,18,Londrina
2020-04-22,8,19,Londrina
2020-04-23,8,20,Londrina
2020-04-24,10,21,Londrina
2020-04-25,12,22,Londrina
2020-04-26,13,23,Londrina
2020-04-27,13,24,Londrina
2020-04-28,13,25,Londrina
2020-04-29,13,26,Londrina
2020-04-30,13,27,Londrina
2020-05-01,13,28,Londrina
2020-05-02,13,29,Londrina
2020-05-03,13,30,Londrina
2020-05-04,13,31,Londrina
2020-05-05,13,32,Londrina
2020-05-06,14,33,Londrina
2020-05-07,14,34,Londrina
2020-05-08,14,35,Londrina
2020-05-09,14,36,Londrina
2020-05-10,14,37,Londrina
2020-05-11,15,38,Londrina
2020-05-12,15,39,Londrina
2020-05-13,15,40,Londrina
2020-05-14,15,41,Londrina
2020-05-15,15,42,Londrina
2020-05-16,15,43,Londrina
2020-05-17,16,44,Londrina
2020-05-18,16,45,Londrina
2020-05-19,17,46,Londrina
2020-05-20,18,47,Londrina
2020-05-21,18,48,Londrina
2020-05-22,19,49,Londrina
2020-05-23,20,50,Londrina
2020-05-24,20,51,Londrina
2020-05-25,20,52,Londrina
2020-05-26,20,53,Londrina
2020-05-27,21,54,Londrina
2020-05-28,21,55,Londrina
2020-05-29,21,56,Londrina
2020-05-30,23,57,Londrina
2020-05-31,24,58,Londrina
2020-06-01,24,59,Londrina
2020-06-02,27,60,Londrina
2020-06-03,28,61,Londrina
2020-06-04,29,62,Londrina
2020-06-05,30,63,Londrina
2020-06-06,31,64,Londrina
2020-06-07,31,65,Londrina
2020-06-08,33,66,Londrina
2020-06-09,33,67,Londrina
2020-06-10,33,68,Londrina
2020-06-11,33,69,Londrina
2020-06-12,33,70,Londrina
2020-06-13,35,71,Londrina
2020-06-14,41,72,Londrina
2020-06-15,43,73,Londrina
2020-06-16,47,74,Londrina
2020-06-17,48,75,Londrina
2020-06-18,52,76,Londrina
2020-06-19,56,77,Londrina
2020-06-20,56,78,Londrina
2020-06-21,58,79,Londrina
2020-06-22,59,80,Londrina
2020-06-23,61,81,Londrina
2020-06-24,61,82,Londrina
2020-06-25,63,83,Londrina
2020-06-26,71,84,Londrina
2020-06-27,71,85,Londrina
2020-06-28,73,86,Londrina
2020-06-29,73,87,Londrina
2020-06-30,76,88,Londrina
2020-07-01,77,89,Londrina
2020-07-02,78,90,Londrina
2020-07-03,80,91,Londrina
2020-07-04,84,92,Londrina
2020-07-05,84,93,Londrina
2020-07-06,85,94,Londrina
2020-07-07,88,95,Londrina
2020-07-08,88,96,Londrina
2020-07-09,88,97,Londrina
2020-07-10,92,98,Londrina
2020-07-11,94,99,Londrina
2020-07-12,94,100,Londrina
2020-07-13,94,101,Londrina
2020-07-14,96,102,Londrina
2020-07-15,96,103,Londrina
2020-07-16,97,104,Londrina
2020-07-17,97,105,Londrina
2020-07-18,97,106,Londrina
2020-07-19,97,107,Londrina
2020-07-20,98,108,Londrina
2020-07-21,98,109,Londrina
2020-07-22,98,110,Londrina
2020-07-23,101,111,Londrina
2020-07-24,102,112,Londrina
2020-07-25,107,113,Londrina
2020-07-26,107,114,Londrina
2020-07-27,107,115,Londrina
2020-07-28,107,116,Londrina
2020-07-29,110,117,Londrina
2020-07-30,110,118,Londrina
2020-07-31,111,119,Londrina
2020-08-01,115,120,Londrina
2020-08-02,115,121,Londrina
2020-08-03,119,122,Londrina
2020-08-04,119,123,Londrina
2020-08-05,120,124,Londrina
2020-08-06,122,125,Londrina
2020-08-07,123,126,Londrina
2020-08-08,123,127,Londrina
2020-08-09,123,128,Londrina
2020-08-10,127,129,Londrina
2020-08-11,127,130,Londrina
2020-08-12,132,131,Londrina
2020-08-13,132,132,Londrina
2020-08-14,132,133,Londrina
2020-08-15,132,134,Londrina
2020-08-16,133,135,Londrina
2020-08-17,142,136,Londrina
2020-08-18,144,137,Londrina
2020-08-19,145,138,Londrina
2020-08-20,147,139,Londrina
2020-08-21,149,140,Londrina
2020-08-22,149,141,Londrina
2020-08-23,150,142,Londrina
2020-08-24,150,143,Londrina
2020-08-25,152,144,Londrina
2020-08-26,152,145,Londrina
2020-08-27,152,146,Londrina
2020-08-28,157,147,Londrina
2020-08-31,160,150,Londrina
2020-09-01,165,151,Londrina
2020-09-02,165,152,Londrina
2020-09-03,165,153,Londrina
2020-09-04,173,154,Londrina
2020-09-05,173,155,Londrina
2020-09-06,173,156,Londrina
2020-09-07,173,157,Londrina
2020-09-08,182,158,Londrina
2020-09-09,185,159,Londrina
2020-09-10,187,160,Londrina
2020-09-11,196,161,Londrina
2020-09-12,196,162,Londrina
2020-09-13,196,163,Londrina
2020-09-14,200,164,Londrina
2020-09-15,209,165,Londrina
2020-09-16,214,166,Londrina
2020-09-17,217,167,Londrina
2020-09-18,218,168,Londrina
2020-09-19,218,169,Londrina
2020-09-20,218,170,Londrina
2020-09-21,223,171,Londrina
2020-09-22,223,172,Londrina
2020-09-23,223,173,Londrina
2020-09-24,226,174,Londrina
2020-09-25,226,175,Londrina
2020-09-26,226,176,Londrina
2020-09-27,226,177,Londrina
2020-09-28,228,178,Londrina
2020-09-29,231,179,Londrina
2020-09-30,238,180,Londrina
2020-10-01,238,181,Londrina
2020-10-02,242,182,Londrina
2020-10-03,242,183,Londrina
2020-10-04,242,184,Londrina
2020-10-05,243,185,Londrina
2020-10-06,257,186,Londrina
2020-10-07,257,187,Londrina
2020-10-08,257,188,Londrina
2020-10-09,258,189,Londrina
2020-10-10,258,190,Londrina
2020-10-11,258,191,Londrina
2020-10-12,258,192,Londrina
2020-10-13,258,193,Londrina
2020-10-14,260,194,Londrina
2020-10-15,263,195,Londrina
2020-10-16,266,196,Londrina
2020-10-17,266,197,Londrina
2020-10-18,266,198,Londrina
2020-10-19,266,199,Londrina
2020-10-20,275,200,Londrina
2020-10-21,276,201,Londrina
2020-10-22,276,202,Londrina
2020-10-23,284,203,Londrina
2020-10-24,285,204,Londrina
2020-10-25,285,205,Londrina
2020-10-26,285,206,Londrina
2020-10-27,288,207,Londrina
2020-10-28,291,208,Londrina
2020-10-29,292,209,Londrina
2020-11-02,294,213,Londrina
2020-11-03,294,214,Londrina
2020-11-04,294,215,Londrina
2020-11-05,299,216,Londrina
2020-11-06,300,217,Londrina
2020-11-07,303,218,Londrina
2020-11-08,308,219,Londrina
2020-11-09,318,220,Londrina
2020-11-10,319,221,Londrina
2020-11-11,319,222,Londrina
2020-11-12,320,223,Londrina
2020-11-13,320,224,Londrina
2020-11-14,320,225,Londrina
2020-11-15,320,226,Londrina
2020-11-16,321,227,Londrina
2020-11-17,321,228,Londrina
2020-11-18,321,229,Londrina
2020-11-19,321,230,Londrina
2020-11-20,321,231,Londrina
2020-11-21,321,232,Londrina
2020-11-22,321,233,Londrina
2020-11-23,321,234,Londrina
2020-11-24,321,235,Londrina
2020-11-26,351,237,Londrina
2020-11-27,354,238,Londrina
2020-11-28,354,239,Londrina
2020-11-29,354,240,Londrina
2020-11-30,354,241,Londrina
2020-12-01,354,242,Londrina
2020-12-02,354,243,Londrina
2020-12-03,354,244,Londrina
2020-12-04,354,245,Londrina
2020-12-05,354,246,Londrina
2020-12-06,354,247,Londrina
2020-12-07,355,248,Londrina
2020-12-08,356,249,Londrina
2020-12-09,356,250,Londrina
2020-12-10,356,251,Londrina
2020-12-11,356,252,Londrina
2020-12-12,356,253,Londrina
2020-12-13,356,254,Londrina
2020-12-14,363,255,Londrina
2020-12-15,371,256,Londrina
2020-12-16,377,257,Londrina
2020-12-17,377,258,Londrina
2020-12-18,377,259,Londrina
2020-12-19,377,260,Londrina
2020-12-20,377,261,Londrina
2020-12-21,377,262,Londrina
2020-12-22,378,263,Londrina
2020-12-23,379,264,Londrina
2020-12-24,379,265,Londrina
2020-12-25,379,266,Londrina
2020-12-26,379,267,Londrina
2020-12-27,379,268,Londrina
2020-12-28,379,269,Londrina
2020-12-29,379,270,Londrina
2020-12-30,395,271,Londrina
2020-12-31,405,272,Londrina
2021-01-01,405,273,Londrina
2021-01-02,405,274,Londrina
2021-01-03,405,275,Londrina
2021-01-04,405,276,Londrina
2021-01-05,413,277,Londrina
2021-01-06,413,278,Londrina
2020-03-27,2,0,Maringá
2020-03-28,2,1,Maringá
2020-03-29,2,2,Maringá
2020-03-30,2,3,Maringá
2020-03-31,2,4,Maringá
2020-04-01,2,5,Maringá
2020-04-02,2,6,Maringá
2020-04-03,2,7,Maringá
2020-04-04,2,8,Maringá
2020-04-05,2,9,Maringá
2020-04-06,2,10,Maringá
2020-04-07,2,11,Maringá
2020-04-08,2,12,Maringá
2020-04-09,3,13,Maringá
2020-04-10,4,14,Maringá
2020-04-11,4,15,Maringá
2020-04-12,4,16,Maringá
2020-04-13,5,17,Maringá
2020-04-14,5,18,Maringá
2020-04-15,5,19,Maringá
2020-04-16,5,20,Maringá
2020-04-17,5,21,Maringá
2020-04-18,5,22,Maringá
2020-04-19,5,23,Maringá
2020-04-20,5,24,Maringá
2020-04-21,5,25,Maringá
2020-04-22,5,26,Maringá
2020-04-23,5,27,Maringá
2020-04-24,5,28,Maringá
2020-04-25,5,29,Maringá
2020-04-26,5,30,Maringá
2020-04-27,5,31,Maringá
2020-04-28,5,32,Maringá
2020-04-29,5,33,Maringá
2020-04-30,5,34,Maringá
2020-05-01,5,35,Maringá
2020-05-02,5,36,Maringá
2020-05-03,5,37,Maringá
2020-05-04,5,38,Maringá
2020-05-05,5,39,Maringá
2020-05-06,5,40,Maringá
2020-05-07,6,41,Maringá
2020-05-08,6,42,Maringá
2020-05-09,6,43,Maringá
2020-05-10,6,44,Maringá
2020-05-11,6,45,Maringá
2020-05-12,6,46,Maringá
2020-05-13,6,47,Maringá
2020-05-14,6,48,Maringá
2020-05-15,6,49,Maringá
2020-05-16,6,50,Maringá
2020-05-17,6,51,Maringá
2020-05-18,6,52,Maringá
2020-05-19,6,53,Maringá
2020-05-20,6,54,Maringá
2020-05-21,6,55,Maringá
2020-05-22,6,56,Maringá
2020-05-23,6,57,Maringá
2020-05-24,6,58,Maringá
2020-05-25,6,59,Maringá
2020-05-26,6,60,Maringá
2020-05-27,6,61,Maringá
2020-05-28,6,62,Maringá
2020-05-29,6,63,Maringá
2020-05-30,8,64,Maringá
2020-05-31,8,65,Maringá
2020-06-01,8,66,Maringá
2020-06-02,8,67,Maringá
2020-06-03,9,68,Maringá
2020-06-04,9,69,Maringá
2020-06-05,10,70,Maringá
2020-06-06,11,71,Maringá
2020-06-07,11,72,Maringá
2020-06-08,11,73,Maringá
2020-06-09,11,74,Maringá
2020-06-10,11,75,Maringá
2020-06-11,11,76,Maringá
2020-06-12,11,77,Maringá
2020-06-13,11,78,Maringá
2020-06-14,11,79,Maringá
2020-06-15,11,80,Maringá
2020-06-16,11,81,Maringá
2020-06-17,11,82,Maringá
2020-06-18,12,83,Maringá
2020-06-19,12,84,Maringá
2020-06-20,13,85,Maringá
2020-06-21,13,86,Maringá
2020-06-22,13,87,Maringá
2020-06-23,13,88,Maringá
2020-06-24,15,89,Maringá
2020-06-25,15,90,Maringá
2020-06-26,16,91,Maringá
2020-06-27,16,92,Maringá
2020-06-28,16,93,Maringá
2020-06-29,18,94,Maringá
2020-06-30,18,95,Maringá
2020-07-01,18,96,Maringá
2020-07-02,18,97,Maringá
2020-07-03,18,98,Maringá
2020-07-04,18,99,Maringá
2020-07-05,19,100,Maringá
2020-07-06,19,101,Maringá
2020-07-07,20,102,Maringá
2020-07-08,25,103,Maringá
2020-07-09,26,104,Maringá
2020-07-10,29,105,Maringá
2020-07-11,29,106,Maringá
2020-07-12,29,107,Maringá
2020-07-13,31,108,Maringá
2020-07-14,32,109,Maringá
2020-07-15,33,110,Maringá
2020-07-16,33,111,Maringá
2020-07-17,35,112,Maringá
2020-07-18,36,113,Maringá
2020-07-19,36,114,Maringá
2020-07-20,37,115,Maringá
2020-07-21,39,116,Maringá
2020-07-22,40,117,Maringá
2020-07-23,41,118,Maringá
2020-07-24,42,119,Maringá
2020-07-25,43,120,Maringá
2020-07-26,44,121,Maringá
2020-07-27,49,122,Maringá
2020-07-28,51,123,Maringá
2020-07-29,52,124,Maringá
2020-07-30,54,125,Maringá
2020-07-31,54,126,Maringá
2020-08-01,55,127,Maringá
2020-08-02,55,128,Maringá
2020-08-03,55,129,Maringá
2020-08-04,57,130,Maringá
2020-08-05,59,131,Maringá
2020-08-06,62,132,Maringá
2020-08-07,63,133,Maringá
2020-08-08,64,134,Maringá
2020-08-09,64,135,Maringá
2020-08-10,67,136,Maringá
2020-08-11,68,137,Maringá
2020-08-12,70,138,Maringá
2020-08-13,70,139,Maringá
2020-08-14,72,140,Maringá
2020-08-15,74,141,Maringá
2020-08-16,75,142,Maringá
2020-08-17,74,143,Maringá
2020-08-18,75,144,Maringá
2020-08-19,76,145,Maringá
2020-08-20,79,146,Maringá
2020-08-21,81,147,Maringá
2020-08-22,84,148,Maringá
2020-08-23,86,149,Maringá
2020-08-24,87,150,Maringá
2020-08-25,89,151,Maringá
2020-08-26,92,152,Maringá
2020-08-27,94,153,Maringá
2020-08-28,96,154,Maringá
2020-08-29,96,155,Maringá
2020-08-30,99,156,Maringá
2020-08-31,101,157,Maringá
2020-09-01,104,158,Maringá
2020-09-02,105,159,Maringá
2020-09-03,107,160,Maringá
2020-09-04,111,161,Maringá
2020-09-05,115,162,Maringá
2020-09-06,116,163,Maringá
2020-09-07,116,164,Maringá
2020-09-08,117,165,Maringá
2020-09-09,117,166,Maringá
2020-09-10,119,167,Maringá
2020-09-11,123,168,Maringá
2020-09-12,125,169,Maringá
2020-09-13,126,170,Maringá
2020-09-14,126,171,Maringá
2020-09-15,126,172,Maringá
2020-09-16,127,173,Maringá
2020-09-17,127,174,Maringá
2020-09-18,127,175,Maringá
2020-09-19,127,176,Maringá
2020-09-20,127,177,Maringá
2020-09-21,127,178,Maringá
2020-09-22,130,179,Maringá
2020-09-23,131,180,Maringá
2020-09-24,131,181,Maringá
2020-09-25,132,182,Maringá
2020-09-26,133,183,Maringá
2020-09-27,133,184,Maringá
2020-09-28,135,185,Maringá
2020-09-29,137,186,Maringá
2020-09-30,139,187,Maringá
2020-10-01,141,188,Maringá
2020-10-02,142,189,Maringá
2020-10-03,142,190,Maringá
2020-10-04,142,191,Maringá
2020-10-05,143,192,Maringá
2020-10-06,144,193,Maringá
2020-10-07,145,194,Maringá
2020-10-08,146,195,Maringá
2020-10-09,145,196,Maringá
2020-10-10,145,197,Maringá
2020-10-11,145,198,Maringá
2020-10-12,146,199,Maringá
2020-10-13,147,200,Maringá
2020-10-14,149,201,Maringá
2020-10-15,149,202,Maringá
2020-10-16,150,203,Maringá
2020-10-17,151,204,Maringá
2020-10-18,152,205,Maringá
2020-10-19,154,206,Maringá
2020-10-20,157,207,Maringá
2020-10-21,158,208,Maringá
2020-10-22,158,209,Maringá
2020-10-23,159,210,Maringá
2020-10-24,159,211,Maringá
2020-10-25,159,212,Maringá
2020-10-26,160,213,Maringá
2020-10-27,160,214,Maringá
2020-10-28,160,215,Maringá
2020-10-29,161,216,Maringá
2020-10-30,162,217,Maringá
2020-10-31,162,218,Maringá
2020-11-01,162,219,Maringá
2020-11-02,162,220,Maringá
2020-11-03,165,221,Maringá
2020-11-04,168,222,Maringá
2020-11-05,168,223,Maringá
2020-11-06,170,224,Maringá
2020-11-07,171,225,Maringá
2020-11-08,172,226,Maringá
2020-11-09,174,227,Maringá
2020-11-10,178,228,Maringá
2020-11-11,181,229,Maringá
2020-11-12,181,230,Maringá
2020-11-13,183,231,Maringá
2020-11-14,183,232,Maringá
2020-11-15,183,233,Maringá
2020-11-16,184,234,Maringá
2020-11-17,185,235,Maringá
2020-11-18,187,236,Maringá
2020-11-19,187,237,Maringá
2020-11-20,189,238,Maringá
2020-11-21,189,239,Maringá
2020-11-22,190,240,Maringá
2020-11-23,190,241,Maringá
2020-11-24,196,242,Maringá
2020-11-25,199,243,Maringá
2020-11-26,203,244,Maringá
2020-11-27,204,245,Maringá
2020-11-28,205,246,Maringá
2020-11-29,206,247,Maringá
2020-11-30,207,248,Maringá
2020-12-01,213,249,Maringá
2020-12-02,214,250,Maringá
2020-12-03,217,251,Maringá
2020-12-04,219,252,Maringá
2020-12-05,219,253,Maringá
2020-12-06,221,254,Maringá
2020-12-07,225,255,Maringá
2020-12-08,230,256,Maringá
2020-12-09,235,257,Maringá
2020-12-10,237,258,Maringá
2020-12-11,241,259,Maringá
2020-12-12,241,260,Maringá
2020-12-13,242,261,Maringá
2020-12-14,245,262,Maringá
2020-12-15,257,263,Maringá
2020-12-16,262,264,Maringá
2020-12-17,266,265,Maringá
2020-12-18,269,266,Maringá
2020-12-19,269,267,Maringá
2020-12-20,270,268,Maringá
2020-12-21,277,269,Maringá
2020-12-22,281,270,Maringá
2020-12-23,291,271,Maringá
2020-12-24,292,272,Maringá
2020-12-27,294,275,Maringá
2020-12-28,301,276,Maringá
2020-12-29,303,277,Maringá
2020-12-30,306,278,Maringá
2020-12-31,307,279,Maringá
2021-01-03,310,282,Maringá
2021-01-04,311,283,Maringá
2021-01-05,317,284,Maringá
2021-01-06,322,285,Maringá
2021-01-07,323,286,Maringá
2021-01-08,323,287,Maringá
2021-01-09,323,288,Maringá
2020-04-06,1,0,Montes Claros
2020-04-07,1,1,Montes Claros
2020-04-08,1,2,Montes Claros
2020-04-09,1,3,Montes Claros
2020-04-10,1,4,Montes Claros
2020-04-11,1,5,Montes Claros
2020-04-12,1,6,Montes Claros
2020-04-13,1,7,Montes Claros
2020-04-14,1,8,Montes Claros
2020-04-15,1,9,Montes Claros
2020-04-16,1,10,Montes Claros
2020-04-17,1,11,Montes Claros
2020-04-18,1,12,Montes Claros
2020-04-19,1,13,Montes Claros
2020-04-20,1,14,Montes Claros
2020-04-21,1,15,Montes Claros
2020-04-22,1,16,Montes Claros
2020-04-23,1,17,Montes Claros
2020-04-24,1,18,Montes Claros
2020-04-25,1,19,Montes Claros
2020-04-26,1,20,Montes Claros
2020-04-27,1,21,Montes Claros
2020-04-28,1,22,Montes Claros
2020-04-29,1,23,Montes Claros
2020-04-30,1,24,Montes Claros
2020-05-01,1,25,Montes Claros
2020-05-02,1,26,Montes Claros
2020-05-03,1,27,Montes Claros
2020-05-04,1,28,Montes Claros
2020-05-05,2,29,Montes Claros
2020-05-06,2,30,Montes Claros
2020-05-07,2,31,Montes Claros
2020-05-08,2,32,Montes Claros
2020-05-09,2,33,Montes Claros
2020-05-10,2,34,Montes Claros
2020-05-11,2,35,Montes Claros
2020-05-12,2,36,Montes Claros
2020-05-13,2,37,Montes Claros
2020-05-14,2,38,Montes Claros
2020-05-15,2,39,Montes Claros
2020-05-16,2,40,Montes Claros
2020-05-17,2,41,Montes Claros
2020-05-18,2,42,Montes Claros
2020-05-19,2,43,Montes Claros
2020-05-20,2,44,Montes Claros
2020-05-21,2,45,Montes Claros
2020-05-22,2,46,Montes Claros
2020-05-23,2,47,Montes Claros
2020-05-24,2,48,Montes Claros
2020-05-25,2,49,Montes Claros
2020-05-26,2,50,Montes Claros
2020-05-27,2,51,Montes Claros
2020-05-28,2,52,Montes Claros
2020-05-29,2,53,Montes Claros
2020-05-30,2,54,Montes Claros
2020-05-31,2,55,Montes Claros
2020-06-01,2,56,Montes Claros
2020-06-02,2,57,Montes Claros
2020-06-03,2,58,Montes Claros
2020-06-04,2,59,Montes Claros
2020-06-05,2,60,Montes Claros
2020-06-06,2,61,Montes Claros
2020-06-07,2,62,Montes Claros
2020-06-08,2,63,Montes Claros
2020-06-09,2,64,Montes Claros
2020-06-10,2,65,Montes Claros
2020-06-11,3,66,Montes Claros
2020-06-12,3,67,Montes Claros
2020-06-13,3,68,Montes Claros
2020-06-14,3,69,Montes Claros
2020-06-15,3,70,Montes Claros
2020-06-16,3,71,Montes Claros
2020-06-17,3,72,Montes Claros
2020-06-18,3,73,Montes Claros
2020-06-19,3,74,Montes Claros
2020-06-20,3,75,Montes Claros
2020-06-21,3,76,Montes Claros
2020-06-22,3,77,Montes Claros
2020-06-23,3,78,Montes Claros
2020-06-24,3,79,Montes Claros
2020-06-25,3,80,Montes Claros
2020-06-26,3,81,Montes Claros
2020-06-27,4,82,Montes Claros
2020-06-28,4,83,Montes Claros
2020-06-29,4,84,Montes Claros
2020-06-30,4,85,Montes Claros
2020-07-01,4,86,Montes Claros
2020-07-02,4,87,Montes Claros
2020-07-03,4,88,Montes Claros
2020-07-04,4,89,Montes Claros
2020-07-05,4,90,Montes Claros
2020-07-06,4,91,Montes Claros
2020-07-07,4,92,Montes Claros
2020-07-08,4,93,Montes Claros
2020-07-09,4,94,Montes Claros
2020-07-10,5,95,Montes Claros
2020-07-11,5,96,Montes Claros
2020-07-12,5,97,Montes Claros
2020-07-13,5,98,Montes Claros
2020-07-14,5,99,Montes Claros
2020-07-15,8,100,Montes Claros
2020-07-16,10,101,Montes Claros
2020-07-17,11,102,Montes Claros
2020-07-18,11,103,Montes Claros
2020-07-19,11,104,Montes Claros
2020-07-20,12,105,Montes Claros
2020-07-21,12,106,Montes Claros
2020-07-22,11,107,Montes Claros
2020-07-23,12,108,Montes Claros
2020-07-24,13,109,Montes Claros
2020-07-25,15,110,Montes Claros
2020-07-26,15,111,Montes Claros
2020-07-27,16,112,Montes Claros
2020-07-28,16,113,Montes Claros
2020-07-29,19,114,Montes Claros
2020-07-30,22,115,Montes Claros
2020-07-31,23,116,Montes Claros
2020-08-03,24,119,Montes Claros
2020-08-06,25,122,Montes Claros
2020-08-07,29,123,Montes Claros
2020-08-08,29,124,Montes Claros
2020-08-10,40,126,Montes Claros
2020-08-11,40,127,Montes Claros
2020-08-12,44,128,Montes Claros
2020-08-13,46,129,Montes Claros
2020-08-14,46,130,Montes Claros
2020-08-15,46,131,Montes Claros
2020-08-16,46,132,Montes Claros
2020-08-17,50,133,Montes Claros
2020-08-18,50,134,Montes Claros
2020-08-19,54,135,Montes Claros
2020-08-20,57,136,Montes Claros
2020-08-21,58,137,Montes Claros
2020-08-22,58,138,Montes Claros
2020-08-23,58,139,Montes Claros
2020-08-24,66,140,Montes Claros
2020-08-25,66,141,Montes Claros
2020-08-26,70,142,Montes Claros
2020-08-27,71,143,Montes Claros
2020-08-28,74,144,Montes Claros
2020-08-29,74,145,Montes Claros
2020-08-30,74,146,Montes Claros
2020-08-31,78,147,Montes Claros
2020-09-01,78,148,Montes Claros
2020-09-02,78,149,Montes Claros
2020-09-03,81,150,Montes Claros
2020-09-04,82,151,Montes Claros
2020-09-05,82,152,Montes Claros
2020-09-06,82,153,Montes Claros
2020-09-07,88,154,Montes Claros
2020-09-08,88,155,Montes Claros
2020-09-09,88,156,Montes Claros
2020-09-10,93,157,Montes Claros
2020-09-11,94,158,Montes Claros
2020-09-12,94,159,Montes Claros
2020-09-13,94,160,Montes Claros
2020-09-14,97,161,Montes Claros
2020-09-15,97,162,Montes Claros
2020-09-16,106,163,Montes Claros
2020-09-18,108,165,Montes Claros
2020-09-19,108,166,Montes Claros
2020-09-20,108,167,Montes Claros
2020-09-21,113,168,Montes Claros
2020-09-23,117,170,Montes Claros
2020-09-24,123,171,Montes Claros
2020-09-25,123,172,Montes Claros
2020-09-26,123,173,Montes Claros
2020-09-27,123,174,Montes Claros
2020-09-28,124,175,Montes Claros
2020-09-29,124,176,Montes Claros
2020-09-30,131,177,Montes Claros
2020-10-01,134,178,Montes Claros
2020-10-02,135,179,Montes Claros
2020-10-03,135,180,Montes Claros
2020-10-04,135,181,Montes Claros
2020-10-05,139,182,Montes Claros
2020-10-07,142,184,Montes Claros
2020-10-08,143,185,Montes Claros
2020-10-09,144,186,Montes Claros
2020-10-10,144,187,Montes Claros
2020-10-11,144,188,Montes Claros
2020-10-12,144,189,Montes Claros
2020-10-13,144,190,Montes Claros
2020-10-14,144,191,Montes Claros
2020-10-15,150,192,Montes Claros
2020-10-16,152,193,Montes Claros
2020-10-17,152,194,Montes Claros
2020-10-18,152,195,Montes Claros
2020-10-19,151,196,Montes Claros
2020-10-20,154,197,Montes Claros
2020-10-21,155,198,Montes Claros
2020-10-22,157,199,Montes Claros
2020-10-23,163,200,Montes Claros
2020-10-24,163,201,Montes Claros
2020-10-25,163,202,Montes Claros
2020-10-26,167,203,Montes Claros
2020-10-27,167,204,Montes Claros
2020-10-28,167,205,Montes Claros
2020-10-29,170,206,Montes Claros
2020-11-03,173,211,Montes Claros
2020-11-04,173,212,Montes Claros
2020-11-05,174,213,Montes Claros
2020-11-06,186,214,Montes Claros
2020-11-09,186,217,Montes Claros
2020-11-10,186,218,Montes Claros
2020-11-12,191,220,Montes Claros
2020-11-13,198,221,Montes Claros
2020-11-14,198,222,Montes Claros
2020-11-16,200,224,Montes Claros
2020-11-17,200,225,Montes Claros
2020-11-18,200,226,Montes Claros
2020-11-19,200,227,Montes Claros
2020-11-20,202,228,Montes Claros
2020-11-22,202,230,Montes Claros
2020-11-23,202,231,Montes Claros
2020-11-24,202,232,Montes Claros
2020-11-25,204,233,Montes Claros
2020-11-26,203,234,Montes Claros
2020-11-27,204,235,Montes Claros
2020-11-28,204,236,Montes Claros
2020-11-29,204,237,Montes Claros
2020-11-30,204,238,Montes Claros
2020-12-01,204,239,Montes Claros
2020-12-02,208,240,Montes Claros
2020-12-03,210,241,Montes Claros
2020-12-04,210,242,Montes Claros
2020-12-05,210,243,Montes Claros
2020-12-06,209,244,Montes Claros
2020-12-07,209,245,Montes Claros
2020-12-08,209,246,Montes Claros
2020-12-09,211,247,Montes Claros
2020-12-10,211,248,Montes Claros
2020-12-11,212,249,Montes Claros
2020-12-12,212,250,Montes Claros
2020-12-13,212,251,Montes Claros
2020-12-14,213,252,Montes Claros
2020-12-15,213,253,Montes Claros
2020-12-16,214,254,Montes Claros
2020-12-17,214,255,Montes Claros
2020-12-18,214,256,Montes Claros
2020-12-19,215,257,Montes Claros
2020-12-20,216,258,Montes Claros
2020-12-21,216,259,Montes Claros
2020-12-22,217,260,Montes Claros
2020-12-23,217,261,Montes Claros
2020-12-24,222,262,Montes Claros
2020-12-25,222,263,Montes Claros
2020-12-26,222,264,Montes Claros
2020-12-27,222,265,Montes Claros
2020-12-28,222,266,Montes Claros
2020-12-29,222,267,Montes Claros
2020-12-30,223,268,Montes Claros
2020-12-31,223,269,Montes Claros
2021-01-01,223,270,Montes Claros
2021-01-02,223,271,Montes Claros
2021-01-03,223,272,Montes Claros
2021-01-04,223,273,Montes Claros
2021-01-05,223,274,Montes Claros
2021-01-06,223,275,Montes Claros
2021-01-07,223,276,Montes Claros
2021-01-08,229,277,Montes Claros
2020-04-12,1,0,Piracicaba
2020-04-13,1,1,Piracicaba
2020-04-14,1,2,Piracicaba
2020-04-15,1,3,Piracicaba
2020-04-16,1,4,Piracicaba
2020-04-17,2,5,Piracicaba
2020-04-18,2,6,Piracicaba
2020-04-19,2,7,Piracicaba
2020-04-20,2,8,Piracicaba
2020-04-21,2,9,Piracicaba
2020-04-22,2,10,Piracicaba
2020-04-23,2,11,Piracicaba
2020-04-24,3,12,Piracicaba
2020-04-25,4,13,Piracicaba
2020-04-26,5,14,Piracicaba
2020-04-27,5,15,Piracicaba
2020-04-28,8,16,Piracicaba
2020-04-29,8,17,Piracicaba
2020-04-30,9,18,Piracicaba
2020-05-01,9,19,Piracicaba
2020-05-02,10,20,Piracicaba
2020-05-03,10,21,Piracicaba
2020-05-04,11,22,Piracicaba
2020-05-05,12,23,Piracicaba
2020-05-06,12,24,Piracicaba
2020-05-07,12,25,Piracicaba
2020-05-08,12,26,Piracicaba
2020-05-09,13,27,Piracicaba
2020-05-10,13,28,Piracicaba
2020-05-11,13,29,Piracicaba
2020-05-12,13,30,Piracicaba
2020-05-13,15,31,Piracicaba
2020-05-14,16,32,Piracicaba
2020-05-15,17,33,Piracicaba
2020-05-16,17,34,Piracicaba
2020-05-17,17,35,Piracicaba
2020-05-18,17,36,Piracicaba
2020-05-19,17,37,Piracicaba
2020-05-20,19,38,Piracicaba
2020-05-21,19,39,Piracicaba
2020-05-22,20,40,Piracicaba
2020-05-23,21,41,Piracicaba
2020-05-24,21,42,Piracicaba
2020-05-25,21,43,Piracicaba
2020-05-26,22,44,Piracicaba
2020-05-27,24,45,Piracicaba
2020-05-28,24,46,Piracicaba
2020-05-29,24,47,Piracicaba
2020-05-30,26,48,Piracicaba
2020-05-31,29,49,Piracicaba
2020-06-01,29,50,Piracicaba
2020-06-02,29,51,Piracicaba
2020-06-03,32,52,Piracicaba
2020-06-04,34,53,Piracicaba
2020-06-05,36,54,Piracicaba
2020-06-06,36,55,Piracicaba
2020-06-07,36,56,Piracicaba
2020-06-08,36,57,Piracicaba
2020-06-09,37,58,Piracicaba
2020-06-10,40,59,Piracicaba
2020-06-11,40,60,Piracicaba
2020-06-12,40,61,Piracicaba
2020-06-13,43,62,Piracicaba
2020-06-14,43,63,Piracicaba
2020-06-15,44,64,Piracicaba
2020-06-16,52,65,Piracicaba
2020-06-17,55,66,Piracicaba
2020-06-18,59,67,Piracicaba
2020-06-19,64,68,Piracicaba
2020-06-20,64,69,Piracicaba
2020-06-21,66,70,Piracicaba
2020-06-22,66,71,Piracicaba
2020-06-23,74,72,Piracicaba
2020-06-24,76,73,Piracicaba
2020-06-25,79,74,Piracicaba
2020-06-26,80,75,Piracicaba
2020-06-27,81,76,Piracicaba
2020-06-28,84,77,Piracicaba
2020-06-29,85,78,Piracicaba
2020-06-30,88,79,Piracicaba
2020-07-01,91,80,Piracicaba
2020-07-02,95,81,Piracicaba
2020-07-03,97,82,Piracicaba
2020-07-04,99,83,Piracicaba
2020-07-05,99,84,Piracicaba
2020-07-06,99,85,Piracicaba
2020-07-07,101,86,Piracicaba
2020-07-08,104,87,Piracicaba
2020-07-09,109,88,Piracicaba
2020-07-10,114,89,Piracicaba
2020-07-11,119,90,Piracicaba
2020-07-12,121,91,Piracicaba
2020-07-13,123,92,Piracicaba
2020-07-14,130,93,Piracicaba
2020-07-15,136,94,Piracicaba
2020-07-16,141,95,Piracicaba
2020-07-17,146,96,Piracicaba
2020-07-18,149,97,Piracicaba
2020-07-19,154,98,Piracicaba
2020-07-20,156,99,Piracicaba
2020-07-21,160,100,Piracicaba
2020-07-22,162,101,Piracicaba
2020-07-23,167,102,Piracicaba
2020-07-24,166,103,Piracicaba
2020-07-25,171,104,Piracicaba
2020-07-26,174,105,Piracicaba
2020-07-27,175,106,Piracicaba
2020-07-28,179,107,Piracicaba
2020-07-29,186,108,Piracicaba
2020-07-30,190,109,Piracicaba
2020-07-31,195,110,Piracicaba
2020-08-01,199,111,Piracicaba
2020-08-02,200,112,Piracicaba
2020-08-03,200,113,Piracicaba
2020-08-04,204,114,Piracicaba
2020-08-05,208,115,Piracicaba
2020-08-06,213,116,Piracicaba
2020-08-07,216,117,Piracicaba
2020-08-08,220,118,Piracicaba
2020-08-09,226,119,Piracicaba
2020-08-10,229,120,Piracicaba
2020-08-11,230,121,Piracicaba
2020-08-12,233,122,Piracicaba
2020-08-13,239,123,Piracicaba
2020-08-14,243,124,Piracicaba
2020-08-15,245,125,Piracicaba
2020-08-16,248,126,Piracicaba
2020-08-17,248,127,Piracicaba
2020-08-18,252,128,Piracicaba
2020-08-19,255,129,Piracicaba
2020-08-20,256,130,Piracicaba
2020-08-21,256,131,Piracicaba
2020-08-22,261,132,Piracicaba
2020-08-23,263,133,Piracicaba
2020-08-24,264,134,Piracicaba
2020-08-25,267,135,Piracicaba
2020-08-26,272,136,Piracicaba
2020-08-27,275,137,Piracicaba
2020-08-28,280,138,Piracicaba
2020-08-30,284,140,Piracicaba
2020-08-31,286,141,Piracicaba
2020-09-01,291,142,Piracicaba
2020-09-02,294,143,Piracicaba
2020-09-03,295,144,Piracicaba
2020-09-04,297,145,Piracicaba
2020-09-05,300,146,Piracicaba
2020-09-06,301,147,Piracicaba
2020-09-08,302,149,Piracicaba
2020-09-09,309,150,Piracicaba
2020-09-10,311,151,Piracicaba
2020-09-11,313,152,Piracicaba
2020-09-12,315,153,Piracicaba
2020-09-13,315,154,Piracicaba
2020-09-14,317,155,Piracicaba
2020-09-15,319,156,Piracicaba
2020-09-16,322,157,Piracicaba
2020-09-17,322,158,Piracicaba
2020-09-18,326,159,Piracicaba
2020-09-19,327,160,Piracicaba
2020-09-20,327,161,Piracicaba
2020-09-21,329,162,Piracicaba
2020-09-22,331,163,Piracicaba
2020-09-23,332,164,Piracicaba
2020-09-24,332,165,Piracicaba
2020-09-25,336,166,Piracicaba
2020-09-26,338,167,Piracicaba
2020-09-27,338,168,Piracicaba
2020-09-28,338,169,Piracicaba
2020-09-29,341,170,Piracicaba
2020-09-30,342,171,Piracicaba
2020-10-01,343,172,Piracicaba
2020-10-02,344,173,Piracicaba
2020-10-03,346,174,Piracicaba
2020-10-06,350,177,Piracicaba
2020-10-08,352,179,Piracicaba
2020-10-09,353,180,Piracicaba
2020-10-10,355,181,Piracicaba
2020-10-11,355,182,Piracicaba
2020-10-12,357,183,Piracicaba
2020-10-13,357,184,Piracicaba
2020-10-14,358,185,Piracicaba
2020-10-17,360,188,Piracicaba
2020-10-18,361,189,Piracicaba
2020-10-20,361,191,Piracicaba
2020-10-21,362,192,Piracicaba
2020-10-22,363,193,Piracicaba
2020-10-23,363,194,Piracicaba
2020-10-24,363,195,Piracicaba
2020-10-25,364,196,Piracicaba
2020-10-26,365,197,Piracicaba
2020-10-27,366,198,Piracicaba
2020-10-28,366,199,Piracicaba
2020-10-29,366,200,Piracicaba
2020-10-30,366,201,Piracicaba
2020-10-31,366,202,Piracicaba
2020-11-02,366,204,Piracicaba
2020-11-03,366,205,Piracicaba
2020-11-04,368,206,Piracicaba
2020-11-05,368,207,Piracicaba
2020-11-10,368,212,Piracicaba
2020-11-11,370,213,Piracicaba
2020-11-12,371,214,Piracicaba
2020-11-13,371,215,Piracicaba
2020-11-14,372,216,Piracicaba
2020-11-15,372,217,Piracicaba
2020-11-16,372,218,Piracicaba
2020-11-17,373,219,Piracicaba
2020-11-18,374,220,Piracicaba
2020-11-19,375,221,Piracicaba
2020-11-21,375,223,Piracicaba
2020-11-22,375,224,Piracicaba
2020-11-23,375,225,Piracicaba
2020-11-24,375,226,Piracicaba
2020-11-25,375,227,Piracicaba
2020-11-26,375,228,Piracicaba
2020-11-27,376,229,Piracicaba
2020-11-28,376,230,Piracicaba
2020-11-29,376,231,Piracicaba
2020-11-30,377,232,Piracicaba
2020-12-01,378,233,Piracicaba
2020-12-02,379,234,Piracicaba
2020-12-03,380,235,Piracicaba
2020-12-04,384,236,Piracicaba
2020-12-05,384,237,Piracicaba
2020-12-06,385,238,Piracicaba
2020-12-07,386,239,Piracicaba
2020-12-08,391,240,Piracicaba
2020-12-09,391,241,Piracicaba
2020-12-10,392,242,Piracicaba
2020-12-11,395,243,Piracicaba
2020-12-12,397,244,Piracicaba
2020-12-13,397,245,Piracicaba
2020-12-14,397,246,Piracicaba
2020-12-15,401,247,Piracicaba
2020-12-17,401,249,Piracicaba
2020-12-18,401,250,Piracicaba
2020-12-20,402,252,Piracicaba
2020-12-21,404,253,Piracicaba
2020-12-22,409,254,Piracicaba
2020-12-24,409,256,Piracicaba
2020-12-27,411,259,Piracicaba
2020-12-28,411,260,Piracicaba
2020-12-29,412,261,Piracicaba
2020-12-31,416,263,Piracicaba
2021-01-03,417,266,Piracicaba
2021-01-04,418,267,Piracicaba
2021-01-05,418,268,Piracicaba
2021-01-07,421,270,Piracicaba
2020-04-06,1,0,Rio Branco
2020-04-07,2,1,Rio Branco
2020-04-08,2,2,Rio Branco
2020-04-09,2,3,Rio Branco
2020-04-10,2,4,Rio Branco
2020-04-11,2,5,Rio Branco
2020-04-12,2,6,Rio Branco
2020-04-13,3,7,Rio Branco
2020-04-14,3,8,Rio Branco
2020-04-15,3,9,Rio Branco
2020-04-16,4,10,Rio Branco
2020-04-17,4,11,Rio Branco
2020-04-18,5,12,Rio Branco
2020-04-19,5,13,Rio Branco
2020-04-20,7,14,Rio Branco
2020-04-21,7,15,Rio Branco
2020-04-22,7,16,Rio Branco
2020-04-23,9,17,Rio Branco
2020-04-24,10,18,Rio Branco
2020-04-25,10,19,Rio Branco
2020-04-26,10,20,Rio Branco
2020-04-27,13,21,Rio Branco
2020-04-28,15,22,Rio Branco
2020-04-29,17,23,Rio Branco
2020-04-30,18,24,Rio Branco
2020-05-01,18,25,Rio Branco
2020-05-02,20,26,Rio Branco
2020-05-03,22,27,Rio Branco
2020-05-04,24,28,Rio Branco
2020-05-05,25,29,Rio Branco
2020-05-06,31,30,Rio Branco
2020-05-07,31,31,Rio Branco
2020-05-08,33,32,Rio Branco
2020-05-09,35,33,Rio Branco
2020-05-10,36,34,Rio Branco
2020-05-11,39,35,Rio Branco
2020-05-12,46,36,Rio Branco
2020-05-13,46,37,Rio Branco
2020-05-14,49,38,Rio Branco
2020-05-15,51,39,Rio Branco
2020-05-16,53,40,Rio Branco
2020-05-17,56,41,Rio Branco
2020-05-18,61,42,Rio Branco
2020-05-19,64,43,Rio Branco
2020-05-21,67,45,Rio Branco
2020-05-22,69,46,Rio Branco
2020-05-23,75,47,Rio Branco
2020-05-24,80,48,Rio Branco
2020-05-25,85,49,Rio Branco
2020-05-26,92,50,Rio Branco
2020-05-27,98,51,Rio Branco
2020-05-28,105,52,Rio Branco
2020-05-29,110,53,Rio Branco
2020-05-30,114,54,Rio Branco
2020-05-31,116,55,Rio Branco
2020-06-01,127,56,Rio Branco
2020-06-02,129,57,Rio Branco
2020-06-03,131,58,Rio Branco
2020-06-05,140,60,Rio Branco
2020-06-06,140,61,Rio Branco
2020-06-07,151,62,Rio Branco
2020-06-08,151,63,Rio Branco
2020-06-09,160,64,Rio Branco
2020-06-10,171,65,Rio Branco
2020-06-11,179,66,Rio Branco
2020-06-12,185,67,Rio Branco
2020-06-13,186,68,Rio Branco
2020-06-14,188,69,Rio Branco
2020-06-15,192,70,Rio Branco
2020-06-16,196,71,Rio Branco
2020-06-17,203,72,Rio Branco
2020-06-18,205,73,Rio Branco
2020-06-19,208,74,Rio Branco
2020-06-20,212,75,Rio Branco
2020-06-21,214,76,Rio Branco
2020-06-22,217,77,Rio Branco
2020-06-23,230,78,Rio Branco
2020-06-24,232,79,Rio Branco
2020-06-25,236,80,Rio Branco
2020-06-26,243,81,Rio Branco
2020-06-27,249,82,Rio Branco
2020-06-28,250,83,Rio Branco
2020-06-29,256,84,Rio Branco
2020-06-30,259,85,Rio Branco
2020-07-01,263,86,Rio Branco
2020-07-02,268,87,Rio Branco
2020-07-03,271,88,Rio Branco
2020-07-04,272,89,Rio Branco
2020-07-05,272,90,Rio Branco
2020-07-06,275,91,Rio Branco
2020-07-07,277,92,Rio Branco
2020-07-08,278,93,Rio Branco
2020-07-09,282,94,Rio Branco
2020-07-10,285,95,Rio Branco
2020-07-11,286,96,Rio Branco
2020-07-12,291,97,Rio Branco
2020-07-13,294,98,Rio Branco
2020-07-14,298,99,Rio Branco
2020-07-15,303,100,Rio Branco
2020-07-16,303,101,Rio Branco
2020-07-17,306,102,Rio Branco
2020-07-18,308,103,Rio Branco
2020-07-19,309,104,Rio Branco
2020-07-20,312,105,Rio Branco
2020-07-21,315,106,Rio Branco
2020-07-22,315,107,Rio Branco
2020-07-23,317,108,Rio Branco
2020-07-24,318,109,Rio Branco
2020-07-25,318,110,Rio Branco
2020-07-26,319,111,Rio Branco
2020-07-27,325,112,Rio Branco
2020-07-28,330,113,Rio Branco
2020-07-29,335,114,Rio Branco
2020-07-30,343,115,Rio Branco
2020-07-31,350,116,Rio Branco
2020-08-01,354,117,Rio Branco
2020-08-02,354,118,Rio Branco
2020-08-03,354,119,Rio Branco
2020-08-04,355,120,Rio Branco
2020-08-05,356,121,Rio Branco
2020-08-06,359,122,Rio Branco
2020-08-07,361,123,Rio Branco
2020-08-08,363,124,Rio Branco
2020-08-09,364,125,Rio Branco
2020-08-10,365,126,Rio Branco
2020-08-11,368,127,Rio Branco
2020-08-12,368,128,Rio Branco
2020-08-13,369,129,Rio Branco
2020-08-14,369,130,Rio Branco
2020-08-15,369,131,Rio Branco
2020-08-16,369,132,Rio Branco
2020-08-17,371,133,Rio Branco
2020-08-18,377,134,Rio Branco
2020-08-19,377,135,Rio Branco
2020-08-20,377,136,Rio Branco
2020-08-21,379,137,Rio Branco
2020-08-22,379,138,Rio Branco
2020-08-23,379,139,Rio Branco
2020-08-24,380,140,Rio Branco
2020-08-25,381,141,Rio Branco
2020-08-26,381,142,Rio Branco
2020-08-27,381,143,Rio Branco
2020-08-28,382,144,Rio Branco
2020-08-29,382,145,Rio Branco
2020-08-30,383,146,Rio Branco
2020-08-31,384,147,Rio Branco
2020-09-01,385,148,Rio Branco
2020-09-03,387,150,Rio Branco
2020-09-04,388,151,Rio Branco
2020-09-05,388,152,Rio Branco
2020-09-06,388,153,Rio Branco
2020-09-07,388,154,Rio Branco
2020-09-08,393,155,Rio Branco
2020-09-09,393,156,Rio Branco
2020-09-10,396,157,Rio Branco
2020-09-11,397,158,Rio Branco
2020-09-12,397,159,Rio Branco
2020-09-13,399,160,Rio Branco
2020-09-14,399,161,Rio Branco
2020-09-15,400,162,Rio Branco
2020-09-16,401,163,Rio Branco
2020-09-17,403,164,Rio Branco
2020-09-18,403,165,Rio Branco
2020-09-19,403,166,Rio Branco
2020-09-20,403,167,Rio Branco
2020-09-21,403,168,Rio Branco
2020-09-22,404,169,Rio Branco
2020-09-23,405,170,Rio Branco
2020-09-24,406,171,Rio Branco
2020-09-25,407,172,Rio Branco
2020-09-26,409,173,Rio Branco
2020-09-28,409,175,Rio Branco
2020-09-29,409,176,Rio Branco
2020-09-30,410,177,Rio Branco
2020-10-01,412,178,Rio Branco
2020-10-03,418,180,Rio Branco
2020-10-04,418,181,Rio Branco
2020-10-05,418,182,Rio Branco
2020-10-06,419,183,Rio Branco
2020-10-07,419,184,Rio Branco
2020-10-08,419,185,Rio Branco
2020-10-09,421,186,Rio Branco
2020-10-10,421,187,Rio Branco
2020-10-11,421,188,Rio Branco
2020-10-12,422,189,Rio Branco
2020-10-13,422,190,Rio Branco
2020-10-14,423,191,Rio Branco
2020-10-15,424,192,Rio Branco
2020-10-16,424,193,Rio Branco
2020-10-17,424,194,Rio Branco
2020-10-18,424,195,Rio Branco
2020-10-19,424,196,Rio Branco
2020-10-20,426,197,Rio Branco
2020-10-21,426,198,Rio Branco
2020-10-22,427,199,Rio Branco
2020-10-23,428,200,Rio Branco
2020-10-24,428,201,Rio Branco
2020-10-25,428,202,Rio Branco
2020-10-26,430,203,Rio Branco
2020-10-27,431,204,Rio Branco
2020-10-28,432,205,Rio Branco
2020-10-29,433,206,Rio Branco
2020-10-30,433,207,Rio Branco
2020-10-31,433,208,Rio Branco
2020-11-01,433,209,Rio Branco
2020-11-02,433,210,Rio Branco
2020-11-03,434,211,Rio Branco
2020-11-04,434,212,Rio Branco
2020-11-05,434,213,Rio Branco
2020-11-06,434,214,Rio Branco
2020-11-07,436,215,Rio Branco
2020-11-08,436,216,Rio Branco
2020-11-09,436,217,Rio Branco
2020-11-10,438,218,Rio Branco
2020-11-11,438,219,Rio Branco
2020-11-12,440,220,Rio Branco
2020-11-13,440,221,Rio Branco
2020-11-14,441,222,Rio Branco
2020-11-15,441,223,Rio Branco
2020-11-16,441,224,Rio Branco
2020-11-17,442,225,Rio Branco
2020-11-18,442,226,Rio Branco
2020-11-19,443,227,Rio Branco
2020-11-20,444,228,Rio Branco
2020-11-21,445,229,Rio Branco
2020-11-22,445,230,Rio Branco
2020-11-23,446,231,Rio Branco
2020-11-24,447,232,Rio Branco
2020-11-25,450,233,Rio Branco
2020-11-26,450,234,Rio Branco
2020-11-27,450,235,Rio Branco
2020-11-28,450,236,Rio Branco
2020-11-29,450,237,Rio Branco
2020-11-30,450,238,Rio Branco
2020-12-01,451,239,Rio Branco
2020-12-02,452,240,Rio Branco
2020-12-03,454,241,Rio Branco
2020-12-04,454,242,Rio Branco
2020-12-05,455,243,Rio Branco
2020-12-06,455,244,Rio Branco
2020-12-07,459,245,Rio Branco
2020-12-08,460,246,Rio Branco
2020-12-09,463,247,Rio Branco
2020-12-10,465,248,Rio Branco
2020-12-11,467,249,Rio Branco
2020-12-12,469,250,Rio Branco
2020-12-13,470,251,Rio Branco
2020-12-14,472,252,Rio Branco
2020-12-15,474,253,Rio Branco
2020-12-16,475,254,Rio Branco
2020-12-17,475,255,Rio Branco
2020-12-18,475,256,Rio Branco
2020-12-19,476,257,Rio Branco
2020-12-20,480,258,Rio Branco
2020-12-21,482,259,Rio Branco
2020-12-22,483,260,Rio Branco
2020-12-23,490,261,Rio Branco
2020-12-24,492,262,Rio Branco
2020-12-25,493,263,Rio Branco
2020-12-26,493,264,Rio Branco
2020-12-27,496,265,Rio Branco
2020-12-28,500,266,Rio Branco
2020-12-29,500,267,Rio Branco
2020-12-30,500,268,Rio Branco
2020-12-31,501,269,Rio Branco
2021-01-01,502,270,Rio Branco
2021-01-02,504,271,Rio Branco
2021-01-03,507,272,Rio Branco
2021-01-04,510,273,Rio Branco
2021-01-05,511,274,Rio Branco
2021-01-06,514,275,Rio Branco
2021-01-07,518,276,Rio Branco
2021-01-08,520,277,Rio Branco
2020-04-04,2,0,Santos
2020-04-05,2,1,Santos
2020-04-06,2,2,Santos
2020-04-07,2,3,Santos
2020-04-08,3,4,Santos
2020-04-09,4,5,Santos
2020-04-10,5,6,Santos
2020-04-11,6,7,Santos
2020-04-12,6,8,Santos
2020-04-13,6,9,Santos
2020-04-14,6,10,Santos
2020-04-15,12,11,Santos
2020-04-16,15,12,Santos
2020-04-17,19,13,Santos
2020-04-18,19,14,Santos
2020-04-19,19,15,Santos
2020-04-20,19,16,Santos
2020-04-21,19,17,Santos
2020-04-22,19,18,Santos
2020-04-23,19,19,Santos
2020-04-24,19,20,Santos
2020-04-25,25,21,Santos
2020-04-26,25,22,Santos
2020-04-27,27,23,Santos
2020-04-28,41,24,Santos
2020-04-29,46,25,Santos
2020-04-30,47,26,Santos
2020-05-01,47,27,Santos
2020-05-02,47,28,Santos
2020-05-03,47,29,Santos
2020-05-04,47,30,Santos
2020-05-05,55,31,Santos
2020-05-06,57,32,Santos
2020-05-07,57,33,Santos
2020-05-08,62,34,Santos
2020-05-09,66,35,Santos
2020-05-10,66,36,Santos
2020-05-11,66,37,Santos
2020-05-12,67,38,Santos
2020-05-13,69,39,Santos
2020-05-14,73,40,Santos
2020-05-15,79,41,Santos
2020-05-16,81,42,Santos
2020-05-17,86,43,Santos
2020-05-18,86,44,Santos
2020-05-19,93,45,Santos
2020-05-20,97,46,Santos
2020-05-21,98,47,Santos
2020-05-22,101,48,Santos
2020-05-23,105,49,Santos
2020-05-24,107,50,Santos
2020-05-25,107,51,Santos
2020-05-26,112,52,Santos
2020-05-27,117,53,Santos
2020-05-28,131,54,Santos
2020-05-29,134,55,Santos
2020-05-30,145,56,Santos
2020-05-31,148,57,Santos
2020-06-01,148,58,Santos
2020-06-02,155,59,Santos
2020-06-03,163,60,Santos
2020-06-04,169,61,Santos
2020-06-05,172,62,Santos
2020-06-06,188,63,Santos
2020-06-07,188,64,Santos
2020-06-08,189,65,Santos
2020-06-09,190,66,Santos
2020-06-10,192,67,Santos
2020-06-11,206,68,Santos
2020-06-12,214,69,Santos
2020-06-13,217,70,Santos
2020-06-14,226,71,Santos
2020-06-15,225,72,Santos
2020-06-16,233,73,Santos
2020-06-17,243,74,Santos
2020-06-18,255,75,Santos
2020-06-19,279,76,Santos
2020-06-20,283,77,Santos
2020-06-21,302,78,Santos
2020-06-22,302,79,Santos
2020-06-23,316,80,Santos
2020-06-24,319,81,Santos
2020-06-25,344,82,Santos
2020-06-26,348,83,Santos
2020-06-27,356,84,Santos
2020-06-28,362,85,Santos
2020-06-29,362,86,Santos
2020-06-30,370,87,Santos
2020-07-01,372,88,Santos
2020-07-02,378,89,Santos
2020-07-03,380,90,Santos
2020-07-04,384,91,Santos
2020-07-05,384,92,Santos
2020-07-06,384,93,Santos
2020-07-07,389,94,Santos
2020-07-08,388,95,Santos
2020-07-09,393,96,Santos
2020-07-10,393,97,Santos
2020-07-11,397,98,Santos
2020-07-12,398,99,Santos
2020-07-13,398,100,Santos
2020-07-14,408,101,Santos
2020-07-15,409,102,Santos
2020-07-16,410,103,Santos
2020-07-17,414,104,Santos
2020-07-18,426,105,Santos
2020-07-19,426,106,Santos
2020-07-20,426,107,Santos
2020-07-21,431,108,Santos
2020-07-22,431,109,Santos
2020-07-23,436,110,Santos
2020-07-24,438,111,Santos
2020-07-25,446,112,Santos
2020-07-26,449,113,Santos
2020-07-27,449,114,Santos
2020-07-28,453,115,Santos
2020-07-29,458,116,Santos
2020-07-30,464,117,Santos
2020-07-31,470,118,Santos
2020-08-01,474,119,Santos
2020-08-02,474,120,Santos
2020-08-03,475,121,Santos
2020-08-04,481,122,Santos
2020-08-05,487,123,Santos
2020-08-06,495,124,Santos
2020-08-07,500,125,Santos
2020-08-08,504,126,Santos
2020-08-09,504,127,Santos
2020-08-10,505,128,Santos
2020-08-11,506,129,Santos
2020-08-12,512,130,Santos
2020-08-13,525,131,Santos
2020-08-14,529,132,Santos
2020-08-15,533,133,Santos
2020-08-16,533,134,Santos
2020-08-17,533,135,Santos
2020-08-18,538,136,Santos
2020-08-19,541,137,Santos
2020-08-20,548,138,Santos
2020-08-21,549,139,Santos
2020-08-22,550,140,Santos
2020-08-23,550,141,Santos
2020-08-24,550,142,Santos
2020-08-25,555,143,Santos
2020-08-26,559,144,Santos
2020-08-27,561,145,Santos
2020-08-28,565,146,Santos
2020-08-30,568,148,Santos
2020-08-31,568,149,Santos
2020-09-01,571,150,Santos
2020-09-02,576,151,Santos
2020-09-03,579,152,Santos
2020-09-04,582,153,Santos
2020-09-05,585,154,Santos
2020-09-06,587,155,Santos
2020-09-08,589,157,Santos
2020-09-09,591,158,Santos
2020-09-10,596,159,Santos
2020-09-11,595,160,Santos
2020-09-12,597,161,Santos
2020-09-13,597,162,Santos
2020-09-14,597,163,Santos
2020-09-15,598,164,Santos
2020-09-16,601,165,Santos
2020-09-17,611,166,Santos
2020-09-18,616,167,Santos
2020-09-19,622,168,Santos
2020-09-20,622,169,Santos
2020-09-21,622,170,Santos
2020-09-22,622,171,Santos
2020-09-23,631,172,Santos
2020-09-24,625,173,Santos
2020-09-25,624,174,Santos
2020-09-26,625,175,Santos
2020-09-27,625,176,Santos
2020-09-28,625,177,Santos
2020-09-29,626,178,Santos
2020-09-30,631,179,Santos
2020-10-01,635,180,Santos
2020-10-02,639,181,Santos
2020-10-03,639,182,Santos
2020-10-06,640,185,Santos
2020-10-08,643,187,Santos
2020-10-09,643,188,Santos
2020-10-10,647,189,Santos
2020-10-11,647,190,Santos
2020-10-12,647,191,Santos
2020-10-13,647,192,Santos
2020-10-14,651,193,Santos
2020-10-17,665,196,Santos
2020-10-18,665,197,Santos
2020-10-20,666,199,Santos
2020-10-21,671,200,Santos
2020-10-22,674,201,Santos
2020-10-23,676,202,Santos
2020-10-24,678,203,Santos
2020-10-25,678,204,Santos
2020-10-26,678,205,Santos
2020-10-27,678,206,Santos
2020-10-28,679,207,Santos
2020-10-29,680,208,Santos
2020-10-30,684,209,Santos
2020-10-31,686,210,Santos
2020-11-02,688,212,Santos
2020-11-03,689,213,Santos
2020-11-04,694,214,Santos
2020-11-05,695,215,Santos
2020-11-10,695,220,Santos
2020-11-11,700,221,Santos
2020-11-12,703,222,Santos
2020-11-13,703,223,Santos
2020-11-14,727,224,Santos
2020-11-15,727,225,Santos
2020-11-16,727,226,Santos
2020-11-17,727,227,Santos
2020-11-18,737,228,Santos
2020-11-19,744,229,Santos
2020-11-21,744,231,Santos
2020-11-22,744,232,Santos
2020-11-23,744,233,Santos
2020-11-24,747,234,Santos
2020-11-25,764,235,Santos
2020-11-26,764,236,Santos
2020-11-27,775,237,Santos
2020-11-28,783,238,Santos
2020-11-29,783,239,Santos
2020-11-30,783,240,Santos
2020-12-01,785,241,Santos
2020-12-02,788,242,Santos
2020-12-03,788,243,Santos
2020-12-04,788,244,Santos
2020-12-05,789,245,Santos
2020-12-06,789,246,Santos
2020-12-07,797,247,Santos
2020-12-08,817,248,Santos
2020-12-09,835,249,Santos
2020-12-10,836,250,Santos
2020-12-11,838,251,Santos
2020-12-12,838,252,Santos
2020-12-13,838,253,Santos
2020-12-14,838,254,Santos
2020-12-15,838,255,Santos
2020-12-17,840,257,Santos
2020-12-18,841,258,Santos
2020-12-20,843,260,Santos
2020-12-21,858,261,Santos
2020-12-22,879,262,Santos
2020-12-24,886,264,Santos
2020-12-27,887,267,Santos
2020-12-28,887,268,Santos
2020-12-29,887,269,Santos
2020-12-31,903,271,Santos
2021-01-03,904,274,Santos
2021-01-04,904,275,Santos
2021-01-05,905,276,Santos
2021-01-07,921,278,Santos
2020-04-01,1,0,Suzano
2020-04-02,1,1,Suzano
2020-04-03,1,2,Suzano
2020-04-07,1,6,Suzano
2020-04-08,1,7,Suzano
2020-04-09,1,8,Suzano
2020-04-10,1,9,Suzano
2020-04-11,3,10,Suzano
2020-04-12,3,11,Suzano
2020-04-13,3,12,Suzano
2020-04-14,6,13,Suzano
2020-04-15,6,14,Suzano
2020-04-16,6,15,Suzano
2020-04-17,6,16,Suzano
2020-04-18,6,17,Suzano
2020-04-19,6,18,Suzano
2020-04-20,6,19,Suzano
2020-04-21,7,20,Suzano
2020-04-22,7,21,Suzano
2020-04-23,7,22,Suzano
2020-04-24,7,23,Suzano
2020-04-25,10,24,Suzano
2020-04-26,10,25,Suzano
2020-04-27,12,26,Suzano
2020-04-28,12,27,Suzano
2020-04-29,13,28,Suzano
2020-04-30,14,29,Suzano
2020-05-01,15,30,Suzano
2020-05-02,16,31,Suzano
2020-05-03,19,32,Suzano
2020-05-04,19,33,Suzano
2020-05-05,20,34,Suzano
2020-05-06,24,35,Suzano
2020-05-07,26,36,Suzano
2020-05-08,26,37,Suzano
2020-05-09,27,38,Suzano
2020-05-10,27,39,Suzano
2020-05-11,27,40,Suzano
2020-05-12,29,41,Suzano
2020-05-13,29,42,Suzano
2020-05-14,32,43,Suzano
2020-05-15,33,44,Suzano
2020-05-16,37,45,Suzano
2020-05-17,38,46,Suzano
2020-05-18,38,47,Suzano
2020-05-19,39,48,Suzano
2020-05-20,39,49,Suzano
2020-05-21,40,50,Suzano
2020-05-22,41,51,Suzano
2020-05-23,42,52,Suzano
2020-05-24,42,53,Suzano
2020-05-25,42,54,Suzano
2020-05-26,43,55,Suzano
2020-05-27,45,56,Suzano
2020-05-28,46,57,Suzano
2020-05-29,46,58,Suzano
2020-05-30,48,59,Suzano
2020-05-31,50,60,Suzano
2020-06-01,50,61,Suzano
2020-06-02,53,62,Suzano
2020-06-03,61,63,Suzano
2020-06-04,66,64,Suzano
2020-06-05,67,65,Suzano
2020-06-06,68,66,Suzano
2020-06-07,70,67,Suzano
2020-06-08,70,68,Suzano
2020-06-09,77,69,Suzano
2020-06-10,80,70,Suzano
2020-06-11,80,71,Suzano
2020-06-12,85,72,Suzano
2020-06-13,86,73,Suzano
2020-06-14,86,74,Suzano
2020-06-15,86,75,Suzano
2020-06-16,88,76,Suzano
2020-06-17,90,77,Suzano
2020-06-18,90,78,Suzano
2020-06-19,92,79,Suzano
2020-06-20,93,80,Suzano
2020-06-21,94,81,Suzano
2020-06-22,94,82,Suzano
2020-06-23,97,83,Suzano
2020-06-24,97,84,Suzano
2020-06-25,102,85,Suzano
2020-06-26,102,86,Suzano
2020-06-27,104,87,Suzano
2020-06-28,104,88,Suzano
2020-06-29,103,89,Suzano
2020-06-30,104,90,Suzano
2020-07-01,107,91,Suzano
2020-07-02,110,92,Suzano
2020-07-03,112,93,Suzano
2020-07-04,117,94,Suzano
2020-07-05,119,95,Suzano
2020-07-06,119,96,Suzano
2020-07-07,124,97,Suzano
2020-07-08,125,98,Suzano
2020-07-09,127,99,Suzano
2020-07-10,127,100,Suzano
2020-07-11,130,101,Suzano
2020-07-12,130,102,Suzano
2020-07-13,130,103,Suzano
2020-07-14,134,104,Suzano
2020-07-15,135,105,Suzano
2020-07-16,143,106,Suzano
2020-07-17,144,107,Suzano
2020-07-18,146,108,Suzano
2020-07-19,145,109,Suzano
2020-07-20,145,110,Suzano
2020-07-21,148,111,Suzano
2020-07-22,151,112,Suzano
2020-07-23,154,113,Suzano
2020-07-24,158,114,Suzano
2020-07-25,160,115,Suzano
2020-07-26,160,116,Suzano
2020-07-27,160,117,Suzano
2020-07-28,162,118,Suzano
2020-07-29,165,119,Suzano
2020-07-30,164,120,Suzano
2020-07-31,165,121,Suzano
2020-08-01,165,122,Suzano
2020-08-02,166,123,Suzano
2020-08-03,166,124,Suzano
2020-08-04,166,125,Suzano
2020-08-05,168,126,Suzano
2020-08-06,169,127,Suzano
2020-08-07,171,128,Suzano
2020-08-08,171,129,Suzano
2020-08-09,171,130,Suzano
2020-08-10,171,131,Suzano
2020-08-11,174,132,Suzano
2020-08-12,174,133,Suzano
2020-08-13,176,134,Suzano
2020-08-14,177,135,Suzano
2020-08-15,178,136,Suzano
2020-08-16,178,137,Suzano
2020-08-17,178,138,Suzano
2020-08-18,179,139,Suzano
2020-08-19,180,140,Suzano
2020-08-20,183,141,Suzano
2020-08-21,185,142,Suzano
2020-08-22,186,143,Suzano
2020-08-23,186,144,Suzano
2020-08-24,186,145,Suzano
2020-08-25,187,146,Suzano
2020-08-26,189,147,Suzano
2020-08-27,193,148,Suzano
2020-08-28,195,149,Suzano
2020-08-30,196,151,Suzano
2020-08-31,196,152,Suzano
2020-09-01,200,153,Suzano
2020-09-02,200,154,Suzano
2020-09-03,203,155,Suzano
2020-09-04,204,156,Suzano
2020-09-05,204,157,Suzano
2020-09-06,204,158,Suzano
2020-09-08,205,160,Suzano
2020-09-09,206,161,Suzano
2020-09-10,207,162,Suzano
2020-09-11,209,163,Suzano
2020-09-12,214,164,Suzano
2020-09-13,214,165,Suzano
2020-09-14,214,166,Suzano
2020-09-15,220,167,Suzano
2020-09-16,223,168,Suzano
2020-09-17,225,169,Suzano
2020-09-18,226,170,Suzano
2020-09-19,227,171,Suzano
2020-09-20,227,172,Suzano
2020-09-21,227,173,Suzano
2020-09-22,229,174,Suzano
2020-09-23,229,175,Suzano
2020-09-24,229,176,Suzano
2020-09-25,231,177,Suzano
2020-09-26,233,178,Suzano
2020-09-27,232,179,Suzano
2020-09-28,232,180,Suzano
2020-09-29,232,181,Suzano
2020-09-30,234,182,Suzano
2020-10-01,235,183,Suzano
2020-10-02,236,184,Suzano
2020-10-03,236,185,Suzano
2020-10-06,237,188,Suzano
2020-10-08,238,190,Suzano
2020-10-09,238,191,Suzano
2020-10-10,239,192,Suzano
2020-10-11,239,193,Suzano
2020-10-12,239,194,Suzano
2020-10-13,239,195,Suzano
2020-10-14,240,196,Suzano
2020-10-17,241,199,Suzano
2020-10-18,241,200,Suzano
2020-10-20,243,202,Suzano
2020-10-21,243,203,Suzano
2020-10-22,244,204,Suzano
2020-10-23,244,205,Suzano
2020-10-24,244,206,Suzano
2020-10-25,244,207,Suzano
2020-10-26,244,208,Suzano
2020-10-27,245,209,Suzano
2020-10-28,245,210,Suzano
2020-10-29,245,211,Suzano
2020-10-30,246,212,Suzano
2020-10-31,246,213,Suzano
2020-11-02,246,215,Suzano
2020-11-03,246,216,Suzano
2020-11-04,247,217,Suzano
2020-11-05,247,218,Suzano
2020-11-10,247,223,Suzano
2020-11-11,247,224,Suzano
2020-11-12,251,225,Suzano
2020-11-13,251,226,Suzano
2020-11-14,251,227,Suzano
2020-11-15,251,228,Suzano
2020-11-16,251,229,Suzano
2020-11-17,250,230,Suzano
2020-11-18,250,231,Suzano
2020-11-19,252,232,Suzano
2020-11-21,252,234,Suzano
2020-11-22,252,235,Suzano
2020-11-23,252,236,Suzano
2020-11-24,252,237,Suzano
2020-11-25,254,238,Suzano
2020-11-26,254,239,Suzano
2020-11-27,254,240,Suzano
2020-11-28,253,241,Suzano
2020-11-29,253,242,Suzano
2020-11-30,253,243,Suzano
2020-12-01,255,244,Suzano
2020-12-02,256,245,Suzano
2020-12-03,258,246,Suzano
2020-12-04,259,247,Suzano
2020-12-05,263,248,Suzano
2020-12-06,263,249,Suzano
2020-12-07,263,250,Suzano
2020-12-08,265,251,Suzano
2020-12-09,266,252,Suzano
2020-12-10,269,253,Suzano
2020-12-11,269,254,Suzano
2020-12-12,269,255,Suzano
2020-12-13,270,256,Suzano
2020-12-14,270,257,Suzano
2020-12-15,274,258,Suzano
2020-12-17,276,260,Suzano
2020-12-18,279,261,Suzano
2020-12-20,279,263,Suzano
2020-12-21,279,264,Suzano
2020-12-22,281,265,Suzano
2020-12-24,283,267,Suzano
2020-12-27,283,270,Suzano
2020-12-28,283,271,Suzano
2020-12-29,286,272,Suzano
2020-12-31,288,274,Suzano
2021-01-03,290,277,Suzano
2021-01-04,290,278,Suzano
2021-01-05,292,279,Suzano
2021-01-07,295,281,Suzano
2020-04-07,1,0,São José do Rio Preto
2020-04-08,1,1,São José do Rio Preto
2020-04-09,1,2,São José do Rio Preto
2020-04-10,1,3,São José do Rio Preto
2020-04-11,1,4,São José do Rio Preto
2020-04-12,1,5,São José do Rio Preto
2020-04-13,1,6,São José do Rio Preto
2020-04-14,3,7,São José do Rio Preto
2020-04-15,3,8,São José do Rio Preto
2020-04-16,3,9,São José do Rio Preto
2020-04-17,4,10,São José do Rio Preto
2020-04-18,4,11,São José do Rio Preto
2020-04-19,6,12,São José do Rio Preto
2020-04-20,7,13,São José do Rio Preto
2020-04-21,8,14,São José do Rio Preto
2020-04-22,8,15,São José do Rio Preto
2020-04-23,8,16,São José do Rio Preto
2020-04-24,8,17,São José do Rio Preto
2020-04-25,8,18,São José do Rio Preto
2020-04-26,8,19,São José do Rio Preto
2020-04-27,8,20,São José do Rio Preto
2020-04-28,8,21,São José do Rio Preto
2020-04-29,8,22,São José do Rio Preto
2020-04-30,8,23,São José do Rio Preto
2020-05-01,8,24,São José do Rio Preto
2020-05-02,8,25,São José do Rio Preto
2020-05-03,8,26,São José do Rio Preto
2020-05-04,8,27,São José do Rio Preto
2020-05-05,9,28,São José do Rio Preto
2020-05-06,9,29,São José do Rio Preto
2020-05-07,10,30,São José do Rio Preto
2020-05-08,10,31,São José do Rio Preto
2020-05-09,10,32,São José do Rio Preto
2020-05-10,10,33,São José do Rio Preto
2020-05-11,10,34,São José do Rio Preto
2020-05-12,10,35,São José do Rio Preto
2020-05-13,10,36,São José do Rio Preto
2020-05-14,11,37,São José do Rio Preto
2020-05-15,12,38,São José do Rio Preto
2020-05-16,12,39,São José do Rio Preto
2020-05-17,12,40,São José do Rio Preto
2020-05-18,13,41,São José do Rio Preto
2020-05-19,16,42,São José do Rio Preto
2020-05-20,17,43,São José do Rio Preto
2020-05-21,18,44,São José do Rio Preto
2020-05-22,18,45,São José do Rio Preto
2020-05-23,18,46,São José do Rio Preto
2020-05-24,18,47,São José do Rio Preto
2020-05-25,19,48,São José do Rio Preto
2020-05-26,20,49,São José do Rio Preto
2020-05-27,20,50,São José do Rio Preto
2020-05-28,20,51,São José do Rio Preto
2020-05-29,23,52,São José do Rio Preto
2020-05-30,23,53,São José do Rio Preto
2020-05-31,23,54,São José do Rio Preto
2020-06-01,23,55,São José do Rio Preto
2020-06-02,23,56,São José do Rio Preto
2020-06-03,21,57,São José do Rio Preto
2020-06-04,23,58,São José do Rio Preto
2020-06-05,23,59,São José do Rio Preto
2020-06-06,23,60,São José do Rio Preto
2020-06-07,26,61,São José do Rio Preto
2020-06-08,27,62,São José do Rio Preto
2020-06-09,31,63,São José do Rio Preto
2020-06-10,31,64,São José do Rio Preto
2020-06-11,31,65,São José do Rio Preto
2020-06-12,34,66,São José do Rio Preto
2020-06-13,36,67,São José do Rio Preto
2020-06-14,37,68,São José do Rio Preto
2020-06-15,39,69,São José do Rio Preto
2020-06-16,42,70,São José do Rio Preto
2020-06-17,46,71,São José do Rio Preto
2020-06-18,46,72,São José do Rio Preto
2020-06-19,52,73,São José do Rio Preto
2020-06-20,53,74,São José do Rio Preto
2020-06-21,54,75,São José do Rio Preto
2020-06-22,55,76,São José do Rio Preto
2020-06-23,60,77,São José do Rio Preto
2020-06-24,60,78,São José do Rio Preto
2020-06-25,61,79,São José do Rio Preto
2020-06-26,66,80,São José do Rio Preto
2020-06-27,70,81,São José do Rio Preto
2020-06-28,71,82,São José do Rio Preto
2020-06-29,76,83,São José do Rio Preto
2020-06-30,80,84,São José do Rio Preto
2020-07-01,82,85,São José do Rio Preto
2020-07-02,84,86,São José do Rio Preto
2020-07-03,86,87,São José do Rio Preto
2020-07-04,91,88,São José do Rio Preto
2020-07-05,94,89,São José do Rio Preto
2020-07-06,98,90,São José do Rio Preto
2020-07-07,107,91,São José do Rio Preto
2020-07-08,112,92,São José do Rio Preto
2020-07-09,118,93,São José do Rio Preto
2020-07-10,123,94,São José do Rio Preto
2020-07-11,124,95,São José do Rio Preto
2020-07-12,130,96,São José do Rio Preto
2020-07-13,134,97,São José do Rio Preto
2020-07-14,137,98,São José do Rio Preto
2020-07-15,140,99,São José do Rio Preto
2020-07-16,150,100,São José do Rio Preto
2020-07-17,156,101,São José do Rio Preto
2020-07-18,164,102,São José do Rio Preto
2020-07-19,169,103,São José do Rio Preto
2020-07-20,173,104,São José do Rio Preto
2020-07-21,178,105,São José do Rio Preto
2020-07-22,181,106,São José do Rio Preto
2020-07-23,188,107,São José do Rio Preto
2020-07-24,197,108,São José do Rio Preto
2020-07-25,201,109,São José do Rio Preto
2020-07-26,204,110,São José do Rio Preto
2020-07-27,211,111,São José do Rio Preto
2020-07-28,221,112,São José do Rio Preto
2020-07-29,230,113,São José do Rio Preto
2020-07-30,236,114,São José do Rio Preto
2020-07-31,240,115,São José do Rio Preto
2020-08-01,243,116,São José do Rio Preto
2020-08-02,246,117,São José do Rio Preto
2020-08-03,249,118,São José do Rio Preto
2020-08-04,256,119,São José do Rio Preto
2020-08-05,260,120,São José do Rio Preto
2020-08-06,269,121,São José do Rio Preto
2020-08-07,275,122,São José do Rio Preto
2020-08-08,284,123,São José do Rio Preto
2020-08-09,291,124,São José do Rio Preto
2020-08-10,295,125,São José do Rio Preto
2020-08-11,303,126,São José do Rio Preto
2020-08-12,312,127,São José do Rio Preto
2020-08-13,317,128,São José do Rio Preto
2020-08-14,326,129,São José do Rio Preto
2020-08-15,328,130,São José do Rio Preto
2020-08-16,331,131,São José do Rio Preto
2020-08-17,337,132,São José do Rio Preto
2020-08-18,346,133,São José do Rio Preto
2020-08-19,351,134,São José do Rio Preto
2020-08-20,360,135,São José do Rio Preto
2020-08-21,366,136,São José do Rio Preto
2020-08-22,373,137,São José do Rio Preto
2020-08-23,378,138,São José do Rio Preto
2020-08-24,382,139,São José do Rio Preto
2020-08-25,392,140,São José do Rio Preto
2020-08-26,397,141,São José do Rio Preto
2020-08-27,402,142,São José do Rio Preto
2020-08-28,408,143,São José do Rio Preto
2020-08-30,420,145,São José do Rio Preto
2020-08-31,425,146,São José do Rio Preto
2020-09-01,435,147,São José do Rio Preto
2020-09-02,440,148,São José do Rio Preto
2020-09-03,451,149,São José do Rio Preto
2020-09-04,461,150,São José do Rio Preto
2020-09-05,469,151,São José do Rio Preto
2020-09-06,473,152,São José do Rio Preto
2020-09-08,487,154,São José do Rio Preto
2020-09-09,493,155,São José do Rio Preto
2020-09-10,503,156,São José do Rio Preto
2020-09-11,511,157,São José do Rio Preto
2020-09-12,518,158,São José do Rio Preto
2020-09-13,522,159,São José do Rio Preto
2020-09-14,532,160,São José do Rio Preto
2020-09-15,540,161,São José do Rio Preto
2020-09-16,542,162,São José do Rio Preto
2020-09-17,550,163,São José do Rio Preto
2020-09-18,552,164,São José do Rio Preto
2020-09-19,559,165,São José do Rio Preto
2020-09-20,561,166,São José do Rio Preto
2020-09-21,568,167,São José do Rio Preto
2020-09-22,574,168,São José do Rio Preto
2020-09-23,580,169,São José do Rio Preto
2020-09-24,583,170,São José do Rio Preto
2020-09-25,584,171,São José do Rio Preto
2020-09-26,586,172,São José do Rio Preto
2020-09-27,593,173,São José do Rio Preto
2020-09-28,597,174,São José do Rio Preto
2020-09-29,603,175,São José do Rio Preto
2020-09-30,603,176,São José do Rio Preto
2020-10-01,608,177,São José do Rio Preto
2020-10-02,612,178,São José do Rio Preto
2020-10-03,617,179,São José do Rio Preto
2020-10-06,631,182,São José do Rio Preto
2020-10-08,638,184,São José do Rio Preto
2020-10-09,643,185,São José do Rio Preto
2020-10-10,647,186,São José do Rio Preto
2020-10-11,649,187,São José do Rio Preto
2020-10-12,651,188,São José do Rio Preto
2020-10-13,654,189,São José do Rio Preto
2020-10-14,656,190,São José do Rio Preto
2020-10-17,669,193,São José do Rio Preto
2020-10-18,671,194,São José do Rio Preto
2020-10-20,677,196,São José do Rio Preto
2020-10-21,678,197,São José do Rio Preto
2020-10-22,680,198,São José do Rio Preto
2020-10-23,683,199,São José do Rio Preto
2020-10-24,689,200,São José do Rio Preto
2020-10-25,694,201,São José do Rio Preto
2020-10-26,696,202,São José do Rio Preto
2020-10-27,698,203,São José do Rio Preto
2020-10-28,700,204,São José do Rio Preto
2020-10-29,703,205,São José do Rio Preto
2020-10-30,708,206,São José do Rio Preto
2020-10-31,709,207,São José do Rio Preto
2020-11-02,713,209,São José do Rio Preto
2020-11-03,717,210,São José do Rio Preto
2020-11-04,721,211,São José do Rio Preto
2020-11-05,725,212,São José do Rio Preto
2020-11-10,725,217,São José do Rio Preto
2020-11-11,736,218,São José do Rio Preto
2020-11-12,747,219,São José do Rio Preto
2020-11-13,747,220,São José do Rio Preto
2020-11-14,757,221,São José do Rio Preto
2020-11-15,758,222,São José do Rio Preto
2020-11-16,759,223,São José do Rio Preto
2020-11-17,766,224,São José do Rio Preto
2020-11-18,768,225,São José do Rio Preto
2020-11-19,771,226,São José do Rio Preto
2020-11-21,778,228,São José do Rio Preto
2020-11-22,779,229,São José do Rio Preto
2020-11-23,780,230,São José do Rio Preto
2020-11-24,781,231,São José do Rio Preto
2020-11-25,783,232,São José do Rio Preto
2020-11-26,784,233,São José do Rio Preto
2020-11-27,787,234,São José do Rio Preto
2020-11-28,789,235,São José do Rio Preto
2020-11-29,791,236,São José do Rio Preto
2020-11-30,793,237,São José do Rio Preto
2020-12-01,797,238,São José do Rio Preto
2020-12-02,801,239,São José do Rio Preto
2020-12-03,808,240,São José do Rio Preto
2020-12-04,813,241,São José do Rio Preto
2020-12-05,821,242,São José do Rio Preto
2020-12-06,824,243,São José do Rio Preto
2020-12-07,827,244,São José do Rio Preto
2020-12-08,831,245,São José do Rio Preto
2020-12-09,834,246,São José do Rio Preto
2020-12-10,837,247,São José do Rio Preto
2020-12-11,838,248,São José do Rio Preto
2020-12-12,842,249,São José do Rio Preto
2020-12-13,842,250,São José do Rio Preto
2020-12-14,846,251,São José do Rio Preto
2020-12-15,852,252,São José do Rio Preto
2020-12-17,858,254,São José do Rio Preto
2020-12-18,866,255,São José do Rio Preto
2020-12-20,870,257,São José do Rio Preto
2020-12-21,879,258,São José do Rio Preto
2020-12-22,883,259,São José do Rio Preto
2020-12-24,891,261,São José do Rio Preto
2020-12-27,904,264,São José do Rio Preto
2020-12-28,906,265,São José do Rio Preto
2020-12-29,907,266,São José do Rio Preto
2020-12-31,917,268,São José do Rio Preto
2021-01-03,928,271,São José do Rio Preto
2021-01-04,931,272,São José do Rio Preto
2021-01-05,935,273,São José do Rio Preto
2021-01-07,941,275,São José do Rio Preto
